id,title,authors,description,categories,primary_category,publisher,published_date,page_count,maturity_rating,isbn_10,isbn_13,language,search_strategy,retrieval_timestamp
rhg-MQAACAAJ,Ancient History,Robert Dean,"What do the ancient Aztec, Celtic, Roman, Egyptian, and lost civilizations have in common? They all helped make humankind the versatile and complicated species that we are today. Discover how ancient civilizations molded us into who we are today Explore the highly developed Aztec Empire, their language, agriculture, military tradition, astronomy, rituals, and art. Visit the eight Celtic regions and learn how a strong and determined people made its way through Europe into Britain, France, and Spain with sheer force. Get a glimpse of Rome, the eternal city. Watch her borders expand and contract through conquest and defeat. See her innovative engineers create magnificent architecture, art, and infrastructure. Tour the fertile banks of the River Nile where Ancient Egyptians endured for over three thousand years, worshiped Gods and Goddesses, maintained peace, and built enduring temples and tombs. Peek at the five greatest ancient empires in history and learn how they created advanced, long-lasting civilizations that persisted for thousands of years. Glance at lost civilizations that have been long forgotten but contributed to the development of language, religion, architecture, technology, astronomy, and engineering. History of the Ancient World: Ancient Civilizations, and Ancient Empires. History that Defined our World offers a tantalizing glimpse into our vast and complex ancient history that is sure to inspire further study. There is a lot to be learned from ancient history. Start your study of the beginnings of art, engineering, architecture and more today.",,General,Createspace Independent Publishing Platform,2017-01-10,54,NOT_MATURE,1542382599,9781542382595,en,intitle:Ancient History,2025-07-03T22:57:11.861476
qKQd3S1-vEsC,Ancient History: Key Themes and Approaches,Neville Morley,"Ancient History: Key Themes and Approaches is a sourcebook of writings on ancient history. It presents over 500 of the most important stimulating and provocative arguments by modern writers on the subject, and as such constitutes an invaluable reference resource. The first section deals with different aspects of life in the ancient world, such as democracy, imperialism, slavery and sexuality, while the second section covers the ideas of key ancient historians and other writers on classical antiquity. Overall this book offers an invaluable introduction to the most important ideas, theories and controversies in ancient history, and a thought-provoking survey of the range of views and approaches to the subject.",History,History,Routledge,2002-09-09,254,NOT_MATURE,1134709846,9781134709847,en,intitle:Ancient History,2025-07-03T22:57:11.861837
2bOAAgAAQBAJ,Archaeology and Ancient History,Eberhard W. Sauer,"Challenging both traditional and fashionable theories, this collection of pieces from an international range of contributors explores the separation of the human past into history, archaeology and their related sub-disciplines. Each case study challenges the validity of this separation and asks how we can move to a more holistic approach in the study of the relationship between history and archaeology. While the focus is on the ancient world, particularly Greece and Rome, rhe lessons learnded in this book make it an essential addition to all studies of history and archaeology.",History,History,Routledge,2004-07-31,382,NOT_MATURE,1134416180,9781134416189,en,intitle:Ancient History,2025-07-03T22:57:11.861853
wK_QyYdWaFQC,Ancient History: a Revised Chronology,Anthony Lyle,"This book is a culmination of that research. After trashing his work 10 times and starting over, he managed to get a revised chronology that seemed to be more accurate than that being put out by the status quo universities. It combines secular / world history with Biblical history in a far more even and smoother match than that proposed by former historians who have attempted the same. This is his version 12, which doesnt try to match different histories based on dates, but rather by matching people and events and then applying revised dates to those events and people. This work will call into question the conclusions of historians of the last 200 years, about the ancient periods of time, and provide an alternative dating for those times. It is a World History in that it incorporates the ancient history of India, China, Japan, as well as the traditional Middle Eastern and European societies of ancient times. It re-evaluates the beginnings of civilization and the solar system, refuting common historical and scienti?? c beliefs of the modern world. Documents that have previously been written off as Mythology have been re-evaluated as well, as they give a different perspective of ancient times and what happened back then. The use and creation of calendars is an important feature added to this work which is seldom taken into account by modern histories. Incorporated in this work are many of the more recent archaeological ?? nds that have yet to be incorporated in status quo works and institutions. He makes no apology for the fact that this is Biblically based, and the conclusions that have been reached by this work ?? t very well in Biblical contexts and adds some understanding to the events that took place in the Biblical narratives.",History,History,AuthorHouse,2012-05-29,479,NOT_MATURE,1468588095,9781468588095,en,intitle:Ancient History,2025-07-03T22:57:11.861880
usnYrpVMlFMC,A Companion to Ancient History,Andrew Erskine,"This Companion provides a comprehensive introduction to key topics in the study of ancient history. Examines the forms of evidence, problems, approaches, and major themes in the study of ancient history Comprises more than 40 essays, written by leading international scholars Moves beyond the primary focus on Greece and Rome with coverage of the various cultures within the ancient Mediterranean Draws on the latest research in the field Provides an essential resource for any student of ancient history",History,History,John Wiley & Sons,2012-12-26,738,NOT_MATURE,1118451368,9781118451366,en,intitle:Ancient History,2025-07-03T22:57:11.861895
DCC3l5kS5O8C,Ancient History from Coins,Christopher Howgego,"Like other volumes in this series, Ancient History from Coins demystifies a specialism, introducing students (from first year upwards) to the techniques, methods, problems and advantages of using coins to do ancient history. Coins are a fertile source of information for the ancient historian; yet too often historians are uneasy about using them as evidence because of the special problems attaching to their interpretation. The world of numismatics is not always easy for the non-specialist to penetrate or understand with confidence. Dr Howgego describes and anlyses the main contributions the study of coins can make to ancient history, showing shows through numerous examples how the character, patterns and behaviour of coinage bear on major historical themes. Topics range from state finance and economic policy to imperial domination and political propaganda through coins types. The period covered by the book is from the invention of coinage (ca 600BC) to AD 400.",History,History,Routledge,2002-09-11,217,NOT_MATURE,1134877846,9781134877843,en,intitle:Ancient History,2025-07-03T22:57:11.861907
11NdswEACAAJ,Ancient History (Classic Reprint),Hutton Webster,"Excerpt from Ancient History This Ancient History needs, I trust, no extended introduction. In its preparation due regard has been paid to the recommendations of the Committee of Seven and the Committee of Five, to the requirements of the College Entrance Examination Board, and to the opinions of prae ticed teachers in various parts of the country. The pedagogi appa ratus supplied may be used in a variety of ways. It is sufficient here to point out that the references preceding each chapter have been chosen with a view to their use by the pupil as subjects for reports and essays, that the studies following each chapter are based On the text and are intended to furnish material for stimulating discussions in the class room, and that the maps and illustrations form an integral part of the text for purposes of study and recitation. It has seemed wise, from both an educational and a historical standpoint, to treat the geography of the Mediterranean world as a unit (chapter iv), and to set forth in two final chapters, similarly unified, the private antiquities and art of the classical peoples. Teachers who prefer the traditional order may easily separate the sections dealing with Greece from those dealing with Rome, and treat them separately. About the Publisher Forgotten Books publishes hundreds of thousands of rare and classic books. Find more at www.forgottenbooks.com This book is a reproduction of an important historical work. Forgotten Books uses state-of-the-art technology to digitally reconstruct the work, preserving the original format whilst repairing imperfections present in the aged copy. In rare cases, an imperfection in the original, such as a blemish or missing page, may be replicated in our edition. We do, however, repair the vast majority of imperfections successfully; any imperfections that remain are intentionally left to preserve the state of such historical works.",History,History,Forgotten Books,2017-07-19,770,NOT_MATURE,0282417893,9780282417895,en,intitle:Ancient History,2025-07-03T22:57:11.861919
8bazzQEACAAJ,Writing Ancient History,Neville Morley,"""How do ancient historians pursue their craft? From the evidence of coins, pottery shards, remains of buildings, works of art, and, above all, literary texts--all of which have survived more or less accidentally from antiquity--they fashion works of history. But how exactly do they go about reconstructing and representing the past? How should history be written? These and related questions are the subject of Neville Morley's engaging introduction to the theory and philosophy of history. Intended for students and teachers not only of ancient history but of historiography, the philosophy of history, and classics, his book addresses the implications of debates over methodological and theoretical issues for the practice of ancient history. At the present time, Morley says, students of ancient history are left to come to their own understanding of the field through a process of trial and error. In his view, too many professors regard ""questions of theory and methodology ... as pointless distractions from the business of actually doing history. Worse, [these questions] may even be perceived as a threat to the subject."" Asserting that more attention must be given to fundamental matters, Morley considers such topics as the nature of historical narrative, style in historical writing, the use and abuse of sources, and the reasons for studying history.""--Bloomsbury Publishing.","History, Ancient","History, Ancient",Unknown,1999,175,NOT_MATURE,1472541030,9781472541031,en,intitle:Ancient History,2025-07-03T22:57:11.861931
EiuGAAAAIAAJ,Ancient History and the Antiquarian,"Michael Hewson Crawford, C. R. Ligota","Arnaldo Momigliano was convinced that all disciplines need to be aware of their own history. His famous lecture Ancient History and the Antiquarian, delivered in 1949 at the Warburg Institute, and published in 1950 in the Journal of the Warburg and Courtauld Institutes, has become a landmark. In it he showed how historiography had been changed by the recognition that what historians had left out of the record could be put back by the antiquarians. He argued that a comprehensive interest in the vestiges of ancient civilization, beginning in the Renaissance and refined and enlarged during the 17th, 18th and 19th centuries, made a rigid distinction between historical and antiquarian studies unjustifiable; furthermore, the standards set by the antiquarians in the understanding and interpretation of the past still have relevance.",History,History,Unknown,1995,160,NOT_MATURE,,,en,intitle:Ancient History,2025-07-03T22:57:11.861942
gTijjwEACAAJ,A Manual of Ancient History,George Rawlinson,"This work has been selected by scholars as being culturally important, and is part of the knowledge base of civilization as we know it. This work was reproduced from the original artifact, and remains as true to the original work as possible. Therefore, you will see the original copyright references, library stamps (as most of these works have been housed in our most important libraries around the world), and other notations in the work.This work is in the public domain in the United States of America, and possibly other nations. Within the United States, you may freely copy and distribute this work, as no entity (individual or corporate) has a copyright on the body of the work.As a reproduction of a historical artifact, this work may contain missing or blurred pages, poor pictures, errant marks, etc. Scholars believe, and we concur, that this work is important enough to be preserved, reproduced, and made generally available to the public. We appreciate your support of the preservation process, and thank you for being an important part of keeping this knowledge alive and relevant.",,General,Arkose Press,2015-10-31,596,NOT_MATURE,1345704607,9781345704600,en,intitle:Ancient History,2025-07-03T22:57:11.861961
17xmAAAAMAAJ,Current Issues and the Study of Ancient History,Stanley Mayer Burstein,"The arrival of new disciplinary approaches to ancient fields of study is embraced in this volume of Publications of the Association of Ancient Historians. This volume considers the world of the Classic civilizations viewed through the lenses of recent approaches to historical material. Stanley M. Burstein considers Egypt and Greece in the light of Afrocentrism as a means of exploring ethnicity in the study of antiquity. Nancy Demand applies the outlook of gender studies to ancient history with the resultant concepts of participation and power. Ian Morris delves into the role archaeology takes in the understanding of ancient Greece, and Lawrence Tritle explores psychology and history in an analysis of Thucydides, a foundational writer of Classical history. These cross-disciplinary studies demonstrate the flexibility and breadth of the historical undertaking in an environment of continual growth and change.",History,History,Unknown,2002,104,NOT_MATURE,,,en,intitle:Ancient History,2025-07-03T22:57:11.861971
4gDYAQAACAAJ,Sources for Ancient History,Michael Crawford,"If a scholar wishes to create a picture of a topical society in all its aspects, there is little of what he needs to know that he cannot know, although there may still be much that he cannot understand. For the history of Greece and Rome, there is a great deal that is simply unknowable. From the end of the archaic age of Greece, there is an unbroken sequence of works by Greek and, later, Roman historians down to the end of antiquity. Their vision and range of interest were often limited and much of what they produced has been lost. Some help may be derived from the documentary material supplied in antiquity, material that was the product of officials organising public activities, or heads of families organising their affairs, or individuals leaving their mark on the world. Beyond this, the evidence of archaeology and numismatics may also be helpful. The four essays in this book set out to characterise the nature of the ancient literary tradition, the inscriptional material, the archaeological and numismatic evidence and to explain how and for what purposes they may be used.",History,History,Cambridge University Press,1983-11-17,249,NOT_MATURE,0521247829,9780521247825,en,intitle:Ancient History,2025-07-03T22:57:11.861982
9MK1tAEACAAJ,The Third Book of History,Samuel Griswold Goodrich,"Excerpt from The Third Book of History: Containing Ancient History in Connection With Ancient Geography; Designed as a Sequel to the First and Second Books of History The introduction of the P into Greece is attributed is thought to have been Thebes, the government ing become republican. About the Publisher Forgotten Books publishes hundreds of thousands of rare and classic books. Find more at www.forgottenbooks.com This book is a reproduction of an important historical work. Forgotten Books uses state-of-the-art technology to digitally reconstruct the work, preserving the original format whilst repairing imperfections present in the aged copy. In rare cases, an imperfection in the original, such as a blemish or missing page, may be replicated in our edition. We do, however, repair the vast majority of imperfections successfully; any imperfections that remain are intentionally left to preserve the state of such historical works.",History,History,Forgotten Books,2017-12-25,188,NOT_MATURE,0484735799,9780484735797,en,intitle:Ancient History,2025-07-03T22:57:11.861993
XeEErgEACAAJ,A Manual of Ancient History,George Rawlinson,"Hardcover reprint of the original 1888 edition - beautifully bound in brown cloth covers featuring titles stamped in gold, 8vo - 6x9. No adjustments have been made to the original text, giving readers the full antiquarian experience. For quality purposes, all text and images are printed as black and white. This item is printed on demand. Book Information: Rawlinson, George.A Manual Of Ancient History: From The Earliest Times To The Fall Of The Western Empire, Comprising The History Of Chaldea, Assyria, Media, Babylonia, Lydia, Phoenicia, Syria, Judea, Egypt, Carthage, Persia, Greece, Macedonia, Parthia, And Rome. Indiana: Repressed Publishing LLC, 2012. Original Publishing: Rawlinson, George. A Manual Of Ancient History: From The Earliest Times To The Fall Of The Western Empire, Comprising The History Of Chaldea, Assyria, Media, Babylonia, Lydia, Phoenicia, Syria, Judea, Egypt, Carthage, Persia, Greece, Macedonia, Parthia, And Rome, . New York: Harper, 1888.Subject: History, Ancient",,General,Unknown,2014-12-21,618,NOT_MATURE,150429162X,9781504291620,en,intitle:Ancient History,2025-07-03T22:57:11.862004
TCl2tAEACAAJ,The Third Book of History,Samuel Griswold Goodrich,"Excerpt from The Third Book of History: Containing Ancient History in Connection With Ancient Geography The posts have disguised this story, represent ing the Athenian ca tives as havin been devoured by a monster, the, inotaur, who welt in a laby rmth, the clue to which Ariadne gave to Theseus, who slew the monster, and returned in safety. He ascended the throne of Athens, and, in the year 1257, united the twelve cities of Attica, and gave them a common constitution. Argos, the capital of Argolis, was situated about two miles from the sea, in that portion of Greece called the peioponnesus. The Pelopon neaus was a celebrated peninsula comprehending the southern parts of Greece. It derived its name from Pelops as the word indicates, meanin the island of fie t has been called rgia, Pelas and galls, and has been thought to te semb e 111118 form the leaf of the plane tree. Its present name, the Morea, is derived from the Greek word, signifyinfija mulberry tree, which is found there in at a undance. It was nearly one hundred in se in le h, one hundred and forty in breadth, and about ve hundred and sixty ei t ia, circuinference. Separated from Greece 0 y by the narrow isthmus of Corinth, which is only five miles broad, it ap ared practicable to cut through the isthmus an 0 n a communies tion between the by of Corin and the Saronic gulf. But C&sar, em and Demetrius attempted it in vain. About the Publisher Forgotten Books publishes hundreds of thousands of rare and classic books. Find more at www.forgottenbooks.com This book is a reproduction of an important historical work. Forgotten Books uses state-of-the-art technology to digitally reconstruct the work, preserving the original format whilst repairing imperfections present in the aged copy. In rare cases, an imperfection in the original, such as a blemish or missing page, may be replicated in our edition. We do, however, repair the vast majority of imperfections successfully; any imperfections that remain are intentionally left to preserve the state of such historical works.",History,History,Forgotten Books,2018-01-03,192,NOT_MATURE,0428296386,9780428296384,en,intitle:Ancient History,2025-07-03T22:57:11.862014
bJLgswEACAAJ,A Manual of Ancient History (Classic Reprint),M. E. Thalheimer,"Excerpt from A Manual of Ancient History Ancient History narrates the succession of empires which ruled Asia, Africa, and Europe, until the Roman dominion in Italy was overthrown by northern barbarians, A. D. 476. About the Publisher Forgotten Books publishes hundreds of thousands of rare and classic books. Find more at www.forgottenbooks.com This book is a reproduction of an important historical work. Forgotten Books uses state-of-the-art technology to digitally reconstruct the work, preserving the original format whilst repairing imperfections present in the aged copy. In rare cases, an imperfection in the original, such as a blemish or missing page, may be replicated in our edition. We do, however, repair the vast majority of imperfections successfully; any imperfections that remain are intentionally left to preserve the state of such historical works.",History,History,Forgotten Books,2017-09-08,416,NOT_MATURE,1528233786,9781528233781,en,intitle:Ancient History,2025-07-03T22:57:11.862025
gr-IDAEACAAJ,Ancient History,George Rawlinson,"This work has been selected by scholars as being culturally important, and is part of the knowledge base of civilization as we know it. This work was reproduced from the original artifact, and remains as true to the original work as possible. Therefore, you will see the original copyright references, library stamps (as most of these works have been housed in our most important libraries around the world), and other notations in the work. This work is in the public domain in the United States of America, and possibly other nations. Within the United States, you may freely copy and distribute this work, as no entity (individual or corporate) has a copyright on the body of the work.As a reproduction of a historical artifact, this work may contain missing or blurred pages, poor pictures, errant marks, etc. Scholars believe, and we concur, that this work is important enough to be preserved, reproduced, and made generally available to the public. We appreciate your support of the preservation process, and thank you for being an important part of keeping this knowledge alive and relevant.",,General,Palala Press,2015-09-03,542,NOT_MATURE,1341424677,9781341424670,en,intitle:Ancient History,2025-07-03T22:57:11.862035
3QNXzgEACAAJ,A Global History of the Ancient World,Eivind Heldaas Seland,"Ancient history has traditionally focused on Greece and Rome. This book takes a global approach to the distant past, following the development of human societies across the globe from the last Ice Age, 11,700 years ago, to the rise of Islam in the seventh century CE. The only book of its kind, A Global History of the Ancient World provides succinct narratives of the first Asian, African and European civilizations and their importance for later history without foregoing the key topics of conventional textbooks. Thematic overviews give truly global perspectives on connections, disconnections and parallel developments shaping the ancient world. Written for students of history, classics and related disciplines, the book will appeal to anyone interested in widening their view of early history.","History, Ancient","History, Ancient",Routledge,2021-09-16,160,NOT_MATURE,0367695545,9780367695545,en,intitle:Ancient History,2025-07-03T22:57:11.862047
S_72jwEACAAJ,A Manual of Ancient History,George Rawlinson,"This work has been selected by scholars as being culturally important, and is part of the knowledge base of civilization as we know it. This work was reproduced from the original artifact, and remains as true to the original work as possible. Therefore, you will see the original copyright references, library stamps (as most of these works have been housed in our most important libraries around the world), and other notations in the work. This work is in the public domain in the United States of America, and possibly other nations. Within the United States, you may freely copy and distribute this work, as no entity (individual or corporate) has a copyright on the body of the work.As a reproduction of a historical artifact, this work may contain missing or blurred pages, poor pictures, errant marks, etc. Scholars believe, and we concur, that this work is important enough to be preserved, reproduced, and made generally available to the public. We appreciate your support of the preservation process, and thank you for being an important part of keeping this knowledge alive and relevant.",,General,Palala Press,2015-09-03,602,NOT_MATURE,1341328058,9781341328053,en,intitle:Ancient History,2025-07-03T22:57:11.862057
3efijwEACAAJ,The Third Book of History,Samuel Griswold Goodrich,"This work has been selected by scholars as being culturally important, and is part of the knowledge base of civilization as we know it. This work was reproduced from the original artifact, and remains as true to the original work as possible. Therefore, you will see the original copyright references, library stamps (as most of these works have been housed in our most important libraries around the world), and other notations in the work.This work is in the public domain in the United States of America, and possibly other nations. Within the United States, you may freely copy and distribute this work, as no entity (individual or corporate) has a copyright on the body of the work.As a reproduction of a historical artifact, this work may contain missing or blurred pages, poor pictures, errant marks, etc. Scholars believe, and we concur, that this work is important enough to be preserved, reproduced, and made generally available to the public. We appreciate your support of the preservation process, and thank you for being an important part of keeping this knowledge alive and relevant.",,General,Palala Press,2015-11-16,216,NOT_MATURE,1346578877,9781346578873,en,intitle:Ancient History,2025-07-03T22:57:11.862068
wca9BwAAQBAJ,The Economics of Science and Technology,"M.P. Feldman, Albert N. Link, Donald S. Siegel","Science and technology have long been regarded as important determinants of economic growth. Edwin Mansfield (1971, pp. 1- 2), a pioneer in the economics of technological change, noted: Technological change is an important, if not the most important, factor responsible for economic growth . . . without question, [it] is one of the most important determinants of the shape and evolution of the American economy. Science and technology are even more important in the ""new economy,"" with its greater emphasis on the role of intellectual property and knowledge transfer. Therefore, it is unfortunate that most individuals rarely have the opportunity to explore the economic implications of science and technology. As a result, the antecedents and consequences of technological change are poorly understood by many in the general public. This lack of understanding is reflected in a recent survey conducted by the National Science Board (2000), summarized in Science & Engineering Indicators. ' As shown in Table 1. 1, the findings of the survey indicated that many Americans, despite a high level of interests in such matters, are not as well-informed about technological issues as they are about other policy issues. As shown in the table, individuals self assess, based on a scale from 1 to 100, their interest in science and technology policy issues as being relatively high, yet they self assess their knowledge or informedness about these issues relatively lower.",Business & Economics,Business & Economics,Springer Science & Business Media,2012-12-06,132,NOT_MATURE,1461509815,9781461509813,en,subject:Business,2025-07-03T22:57:13.610442
8M60Hy6B6LgC,Microsoft Outlook Programming,Sue Mosher,"-- A one-minute-manager approach to issues-- Explanation of how following each principle can save money or time-- Step-by-step instructions on how to accomplish objectives This book shows people how to overcome the social crisis that has resulted from the wide-spread use of information technology by responsibly managing security threats, protecting individual privacy, reducing hazardous waste, and minimizing other negative effects on IT staff and computer users, as well as ordinary citizens around the world.",Computers,Computers,Digital Press,2002-10-10,644,NOT_MATURE,1555582869,9781555582869,en,subject:Business,2025-07-03T22:57:13.610658
NXjfAAAAQBAJ,The Entrepreneur's Dictionary of Business and Financial Terms,Khwaja Masoom,"If you want to succeed in business, you need to know the language. Fortunately, this reference volume presents all the necessary words are in one place. The Entrepreneur's Dictionary of Business and Financial Terms includes terms from academic and business environments and is ideal for - students focusing on economics, business, finance, and management; - professionals in management, administration, finance, project management, and related fields; - researchers and instructors in business-related fields; and - movers and shakers, bankers, brokers, and investors. This dictionary is compiled from a vast range of modern sources and includes more than nine thousand definitions from the fields of business, finance, accounting, and associated fields. The explanations provide complete and thorough insights into some of the most complex business terms you'll ever encounter. Whether you're seeking to establish a career in business, to improve your upward mobility or role, or just to broaden your horizons, you'll find a wealth of knowledge in this business dictionary.",Business & Economics,Business & Economics,Trafford Publishing,2013,609,NOT_MATURE,1490701338,9781490701332,en,subject:Business,2025-07-03T22:57:13.610681
2OhgnuzJCk4C,Accounting for Sustainability,"Anthony G. Hopwood, Jeffrey Unerman","If businesses and other organizations are to meet the many and complex challenges of sustainable development, then they all, both public and private, need to embed sustainability considerations into their decision-making and reporting. However, the translation of this aspiration into effective action is often inhibited by the lack of systems and procedures that take sustainability into account. Accounting for Sustainability: Practical Insights will help organizations to address these issues. The book sets out a number of tools and approaches that have been developed and applied by leading organizations to: - embed sustainability into decision-making, extending beyond an organization's boundaries to take into account suppliers, customers and other stakeholders; - measure and link sustainability and financial performance;",Business & Economics,Business & Economics,Earthscan,2010,286,NOT_MATURE,1849776334,9781849776332,en,subject:Business,2025-07-03T22:57:13.610694
0KWJf6mVorEC,Doing Business with Lithuania,"Marat Terterov, Jonathan Reuvid","Originally published in the pre-EU-accession period, this E-Book edition of Doing Business with Lithuania has been updated to take account of the post-accession changes to the legal and fiscal environment. It remains a definitive appraisal of the economic system and investment climate, including an examination of the legal structure and business regulation, information on the financial sector and unique best practice on all aspects of trading with and investing in Lithuania. The guide also provides an overview of key sectors of trade and investment.",Business & Economics,Business & Economics,GMB Publishing Ltd,2005,366,NOT_MATURE,1905050623,9781905050628,en,subject:Business,2025-07-03T22:57:13.610706
OQeHzgEACAAJ,Inspection Errors for Attributes in Quality Control,"Norman Lloyd Johnson, Samuel Kotz, Xizhi Wu","Every book should have a motivation and a goal. We would like to share with our readers some reasons which have led us to allot a considerable part of our time and effort to the production of this monograph. We believe this book to originate from two 'godfathers'. The first took the form of the following, apparently straightforward, problem posed to us in 1979 by Horton L. Sorkin (at that time in the Department of Accounting, University of Maryland at College Park). 'There are N accounts, D with mistakes and N - D mistake-free. The probability that an accountant detects that an account is erroneous is p (",Business & Economics,Business & Economics,Springer,1991-01-01,212,NOT_MATURE,0412387700,9780412387708,en,subject:Business,2025-07-03T22:57:13.610717
mHbkEAAAQBAJ,Elements of Mathematics for Economics and Finance,"Vassilis C. Mavron, Timothy N. Phillips","Based on over 15 years’ experience in the design and delivery of successful first-year courses, this book equips undergraduates with the mathematical skills required for degree courses in economics, finance, management, and business studies. The book starts with a summary of basic skills and takes its readers as far as constrained optimisation helping them to become confident and competent in the use of mathematical tools and techniques that can be applied to a range of problems in economics and finance.Designed as both a course text and a handbook, the book assumes little prior mathematical knowledge beyond elementary algebra and is therefore suitable for students returning to mathematics after a long break. The fundamental ideas are described in the simplest mathematical terms, highlighting threads of common mathematical theory in the various topics. Features of the book include: a systematic approach: ideas are touched upon, introduced gradually and thenconsolidated through the use of illustrative examples; several entry points to accommodate differing mathematical backgrounds; numerous problems, with full solutions, and exercises to illustrate the theory and applications; key learning objectives and self-assessment questions provided for each chapter; full solutions to exercises, available to lecturers via the Springer Nature Extramaterial - Lecturer Material website. Vass Mavron is Emeritus Professor of Mathematics at Aberystwyth University. Tim Phillips is Professor of Applied Mathematics in the School of Mathematics at Cardiff University.",Mathematics,Mathematics,Springer Nature,2023-11-20,390,NOT_MATURE,3031439104,9783031439100,en,subject:Business,2025-07-03T22:57:13.610728
cWBbp_1rIIwC,From Grey to Silver,"Sven Kunisch, Stephan Boehm, Michael Boppel","Demographic change is one of the most crucial issues of our time. This book sheds light on the demographic implications companies face. Based on an integrated framework, the book investigates three important perspectives: An economic and social perspective helps organisations and managers better understand the basic parameters of demographic change and its influences on the labour market. A human resources and leadership perspective reveals how age management can help retain employees of different age groups as motivated and productive workforce members. An innovation and marketing perspective examines how companies can exploit the potentials that senior customers offer. A combination of research-driven and practice-oriented chapters makes this book a profound and an interesting read. It primarily addresses executives from various organisational fields, including HR, marketing, and management. Professional trainers, scholars and students of economy and business will also gain valuable insights.Dr. Guenter Pfeiffer, Chief Personnel Officer and member of the Executive Board, Swisscom Group “New approaches are required to restructuring, redeployment and age management that go beyond the typical instruments of part-time models and flexible retirement schemes.” Dr. Guenter Pfeiffer, Chief Personnel Officer and member of the Executive Board, Swisscom Group “Recognising the business consequences of the demographic developments and taking these into consideration are imperative for the competitiveness of not only companies, but also entire economies.” Bundespraesident a.D. Prof. Dr. Roman Herzog Former President of the Federal Republic of Germany",Business & Economics,Business & Economics,Springer Science & Business Media,2010-11-08,226,NOT_MATURE,3642155944,9783642155949,en,subject:Business,2025-07-03T22:57:13.610739
Kd7BKezyTv8C,Public Governance and Leadership,"Rainer Koch, John Dixon","In this book, internationally renowned scholars and practitioners elaborate on political as well as managerial questions, e.g. how to make overriding Public Governance changes the ’guiding model’ for a now needed stronger strategic approach. More specifically, their focus is on how moves towards a re-positioning as an enabling authority are to be made drivers for adapting management systems across all levels. In accordance with present developments, the authors explain how changes in the overall governance structure have to be used to adapt leadership practices in a more output-oriented or even entrepreneurial fashion. Overall, the underlying idea is to provide some further basics for a public sector type of a design-oriented management science.",Law,Law,Springer Science & Business Media,2007-11-03,588,NOT_MATURE,383509100X,9783835091009,en,subject:Business,2025-07-03T22:57:13.610751
ScTvqTbKB7IC,Successful Management by Motivation,"Bruno S. Frey, Margit Osterloh","Motivated employees play a crucial role in creating a companys sustainable competitive advantage. Successful Management by Motivation shows that in a knowledge-based society, this goal cannot be achieved by extrinsic motivation alone. Pay for performance often even hurts because it crowds out intrinsic motivation. To succeed, companies have to find ways of fostering and sustaining intrinsic motivation. With the help of in-depth case studies, representative surveys, and analysis based on a large number of firms and employees, this work identifies the various aspects of motivation in companies and shows how the right combination of intrinsic and extrinsic motivation can be achieved.",Business & Economics,Business & Economics,Springer Science & Business Media,2001-10-02,324,NOT_MATURE,3540424016,9783540424017,en,subject:Business,2025-07-03T22:57:13.610763
GAFZ3NcXiKEC,Accounting Reform in Transition and Developing Economies,Robert W. McGee,"Much has been written about the economic and political problems of countries that are in the process of changing from centrally planned systems to market systems. Most studies have focused on the economic, legal, political, and sociological pr- lems these economies have had to face during the transition period. However, not much has been written about the dramatic changes that have to be made to the accounting and financial system of a transition economy. This book was written to help fill that gap. Accounting Reform in Transition and Developing Economies is the fourth in a series to examine accounting and financial system reform in transition and devel- ing economies. The first volume used Russia as a case study. The second volume in the series examined some additional aspects of the reform in Russia and also looked at the accounting and financial system reform efforts that are being made in Ukraine, Bosnia & Herzegovina, Armenia, Eastern Europe, and Central Asia. The third volume examined taxation and public finance in transition and developing economies.",Business & Economics,Business & Economics,Springer Science & Business Media,2008-11-16,506,NOT_MATURE,038725708X,9780387257082,en,subject:Business,2025-07-03T22:57:13.610774
rygf6axAH7UC,Resilience Engineering,"Erik Hollnagel, David D. Woods, Nancy Leveson","Annotation ""The aim of this book is to provide an introduction to resilience engineering of systems, covering both the theoretical and practical aspects. It is written for people who, as part of their work, are responsible for system safety on managerial or operational levels alike. Resilience Engineering will be directly relevant to professionals such as safety managers and engineers (line and maintenance), security experts, risk and safety consultants, human factors professionals and accident investigators.""--BOOK JACKET. Title Summary field provided by Blackwell North America, Inc. All Rights Reserved.",Business & Economics,Business & Economics,"Ashgate Publishing, Ltd.",2006,410,NOT_MATURE,075468136X,9780754681366,en,subject:Business,2025-07-03T22:57:13.610785
AEi3dNcReT4C,Soft Landing,Andrew R. Thomas,"Soft Landing: Airline Industry Strategy, Service, and Safety covers the immediate past, present, and future of the airline industry and its effects on consumers and the economy. Aviation receives a disproportionate amount of news coverage in the popular press—not to mention chatter at cocktail parties and workplaces around the world. And why not? Aviation represents a sector of the U.S economy, for example, exceeded in size only by the real estate, healthcare, and automotive industries. Furthermore, hundreds of millions of people fly each year, including 80 million Americans. So we all have airline stories—experiencing a delay and losing a business deal, spending a night or three in the airport, dealing with ornery airline personnel, losing money on airline stocks, or being involved in a near miss. (Or, as George Carlin more accurately put it, a “near hit.”) But things might be on the upswing. Knocked to its knees by 9/11 and a decade of falling revenue and rising losses, the industry’s “flying cheap” strategy and organizational efficiencies based partly on outsourcing have appear to have helped passengers and profitability return. As this book explains, we can look forward to better technology and infrastructure, speedier—and easier—travel, more effective and less invasive security measures, and more jobs in the air and on the ground. Turbulence is always a possibility. Rising fuel costs, economic uncertainty, and future terror attacks could cause tumult once again. Plus, airline companies intend to charge us extra for everything from the weight of our own bodies to use of the bathroom. But as the industry has discovered, we’ll put up with that—and more—if we can make it to our destinations with bags intact and a smaller dent in our wallets. Soft Landing will: Sort out the promise and perils facing the airlines Analyze and articulatethe potential impact of changes in the aviation industry on passengers, airports, governments, the global economy, and the airlines themselves Give airline passengers worldwide an idea of what’s ahead when it comes to airline service, security, and technology",Business & Economics,Business & Economics,Apress,2011-12-20,207,NOT_MATURE,1430236787,9781430236788,en,subject:Business,2025-07-03T22:57:13.610795
vdOgQgAACAAJ,The Practice of Social Research,Earl R. Babbie,"Available for the first time in a South African edition, Earl Babbie's popular ""The practice of social research"" is the essential source for research theory and methods. - The main methodological approaches used in the social sciences are comprehensively covered - Specific methods and techniques used in such areas as sampling, questionnaire construction and data anlysis are discussed in detail - The informal style, concrete examples and down-to-earth metaphors make abstract theory easily understandable - A balanced coverage of qualitative approaches helps the user employ both techniques in his or her research. This is a vital text for students at a senior undergraduate and postgraduate levels who wish to become proficient researchers.",Analysemetoder,Analysemetoder,"Oxford University Press, USA",2001,0,NOT_MATURE,0195718542,9780195718546,en,subject:Business,2025-07-03T22:57:13.610807
Y7j_ecbTvl0C,The Appreciative Inquiry Handbook,"David L. Cooperrider, Jacqueline M. Stavros, Diana Whitney","In this thoroughly revised and updated edition of one of the most popular change methods in the world, Cooperrider et al. track the recent changes in the field and explain how AI can contribute to sustainability and the triple bottom line. One of today's most popular change methods, Appreciative Inquiry (AI) has been used to undertake transformational initiatives in dozens of organizations, ranging from McDonalds to the U.S. Navy to Save the Children. The assumption of AI is simple. Every organization has things that work right-things that give it life when it is vital, effective, and successful. AI begins by identifying this positive core and connecting organizational visions, plans, and structures to it in ways that heighten energy and inspire action for change. This book presents all of the concepts, examples, and aids necessary to engage groups of all sizes in Appreciative Inquiry. The authors provide background information on what AI is and how it works and offer sample project plans, designs, agendas, course outlines, interview guidelines, participant worksheets, a list of resources, and more. This second edition has been extensively revised, updated, and expanded, including new case studies, new tools and supplemental articles, an expanded bibliography and resource list, and an entirely new chapter on case applications. And throughout, the authors focus on how AI can support an organizational focus on sustainability and the triple bottom line of people, prosperity, and planet.",Business & Economics,Business & Economics,Berrett-Koehler Publishers,2008-01-10,498,NOT_MATURE,1576755622,9781576755624,en,subject:Business,2025-07-03T22:57:13.610818
22UEmwEACAAJ,Search Methodologies,"Edmund K. Burke, Graham Kendall","The first edition of Search Methodologies: Introductory Tutorials in Optimization and Decision Support Techniques was originally put together to offer a basic introduction to the various search and optimization techniques that students might need to use during their research, and this new edition continues this tradition. Search Methodologies has been expanded and brought completely up to date, including new chapters covering scatter search, GRASP, and very large neighborhood search. The chapter authors are drawn from across Computer Science and Operations Research and include some of the world’s leading authorities in their field. The book provides useful guidelines for implementing the methods and frameworks described and offers valuable tutorials to students and researchers in the field. “As I embarked on the pleasant journey of reading through the chapters of this book, I became convinced that this is one of the best sources of introductory material on the search methodologies topic to be found. The book’s subtitle, “Introductory Tutorials in Optimization and Decision Support Techniques”, aptly describes its aim, and the editors and contributors to this volume have achieved this aim with remarkable success. The chapters in this book are exemplary in giving useful guidelines for implementing the methods and frameworks described.” Fred Glover, Leeds School of Business, University of Colorado Boulder, USA “[The book] aims to present a series of well written tutorials by the leading experts in their fields. Moreover, it does this by covering practically the whole possible range of topics in the discipline. It enables students and practitioners to study and appreciate the beauty and the power of some of the computational search techniques that are able to effectively navigate through search spaces that are sometimes inconceivably large. I am convinced that this second edition will build on the success of the first edition and that it will prove to be just as popular.” Jacek Blazewicz, Institute of Computing Science, Poznan University of Technology and Institute of Bioorganic Chemistry, Polish Academy of Sciences",Business & Economics,Business & Economics,Springer,2013-10-19,0,NOT_MATURE,1461469392,9781461469391,en,subject:Business,2025-07-03T22:57:13.610828
wzNGEAAAQBAJ,Business Information Systems,Paul Beynon-Davies,"This textbook offers students a systematic guide to how information systems underpin organisational activity in today's global information society, covering everything from ICT infrastructure and the digital environment to electronic marketing, mobile commerce and design thinking. While academically rigorous and underpinned by the author's deep knowledge of the subject, an engaging writing style combined with extensive pedagogical features, cases and innovative examples from around the world ensure that the text remains accessible to those approaching the topic for the first time. Taking an approach that views businesses as complex systems, the book illustrates how valuable systems thinking can be in our everyday working lives, while theoretical ideas are always supported by examples of their application in the real world. This text is the ideal course companion for all students studying business information systems or management information systems modules at undergraduate, postgraduate or MBA level. New to this Edition: - New coverage of key contemporary topics, including big data, analytics, cloud computing, the internet of things, blockchain and bitcoin, green IS, ethics, and cyber security. - Brand new chapters on Mobile Commerce and Social Media, and Designing Digital Organisation (design thinking). - A revised concluding chapter considering contemporary technological trends, as well as reflections and predictions for future innovations.",Business & Economics,Business & Economics,Red Globe Press,2019-11-11,0,NOT_MATURE,135200738X,9781352007381,en,subject:Business,2025-07-03T22:57:13.610840
vBkGJq8XkpIC,The Complete English Tradesman (1839 Ed.),Daniel Defoe,"The title of this work is an index of the performance. It is a collection of useful instructions for a young tradesman. The world is grown so wise of late, or (if you will) fancy themselves so, are so opiniatre, as the French well express it, so self-wise, that I expect some will tell us beforehand they know every thing already, and want none of my instructions; and to such, indeed, these instructions are not written. Had I not, in a few years’ experience, seen many young tradesmen miscarry, for want of those very cautions which are here given, I should have thought this work needless, and I am sure had never gone about to write it; but as the contrary is manifest, I thought, and think still, the world greatly wanted it. And be it that those unfortunate creatures that have thus blown themselves up in trade, have miscarried for want of knowing, or for want of practising, what is here offered for their direction, whether for want of wit, or by too much wit, the thing is the same, and the direction is equally needful to both.",Fiction,Fiction,Library of Alexandria,1970-01-01,461,NOT_MATURE,1465550178,9781465550170,en,subject:Business,2025-07-03T22:57:13.610850
beq_wAEACAAJ,Encyclopedia of Tourism,"Jafar Jafari, Honggen Xiao","​This encyclopedia is the most comprehensive and updated source of reference in tourism research and practice. It covers both traditional and emerging concepts and terms and is fully international in its scope. More than 800 contributions of over 200 internationally renowned experts provide a definitive access to the knowledge in the field of tourism, hospitality, recreation and related fields. All actors in this field will find reliable and up to date definitions and explanations of the key terms of tourism in this reference work. Tourism is the largest industry worldwide and is the main source of income for many countries. With both, this practical impact of tourism and a rapidly developing academic field, with a growing number of university courses and degrees in tourism, and a flourishing research, this encyclopedia is the epicenter of this emerging and developing discipline.",Business & Economics,Business & Economics,Springer,2021-01-14,1500,NOT_MATURE,3319016695,9783319016696,en,subject:Business,2025-07-03T22:57:13.610861
XmYdEQAAQBAJ,Nexus,Yuval Noah Harari,"Les histoires nous ont réunis. Les livres ont diffusé nos idées et nos mythologies. Internet nous a promis le savoir infini. Les algorithmes ont découvert nos secrets - et nous ont divisés. Quel monde nous promet l’IA ? Depuis cent mille ans, nous, les Sapiens, avons acquis un gigantesque pouvoir. Mais malgré nos découvertes, inventions et conquêtes, nous sommes aujourd’hui confrontés à une crise existentielle inédite. Le monde est au bord de l’effondrement écologique. Les tensions politiques se multiplient. La désinformation abonde. Et nous entrons de plain-pied dans l’ère de l’IA, un réseau d’information qui sera bientôt capable de nous dominer. Avec ce nouvel ouvrage, Yuval Noah Harari, l’auteur du best-seller mondial Sapiens, revisite l’histoire de l’humanité pour comprendre comment les réseaux d’information ont fait et défait notre monde. Il aborde les choix cruciaux auxquels nous sommes - et serons - confrontés, au moment où l’IA révolutionne la médecine, la guerre, les démocraties, et menace notre existence même. Nexus est un livre capital pour comprendre comment, en faisant des choix éclairés, il nous est encore possible d’empêcher le pire.",History,History,ALBIN MICHEL,2024-09-25,337,NOT_MATURE,2226498222,9782226498229,fr,inauthor:Yuval Noah Harari,2025-07-03T22:57:15.554741
rJGWEAAAQBAJ,Sapiens (édition 2022),"Pierre-Emmanuel Dauzat, Yuval Noah Harari","Avec une nouvelle préface inédite de l'auteur. « Un prodige. » Le Monde des Livres Il y a 100 000 ans, la Terre était habitée par au moins six espèces différentes d'hominidés. Une seule a survécu. Nous, les Homo Sapiens. Comment notre espèce a-t-elle réussi à dominer la planète ? Pourquoi nos ancêtres ont-ils uni leurs forces pour créer villes et royaumes ? Comment en sommes-nous arrivés à créer les concepts de religion, de nation, de droits de l'homme ? À dépendre de l'argent, des livres et des lois ? À devenir esclaves de la bureaucratie, des horaires, de la consommation de masse ? Et à quoi ressemblera notre monde dans le millénaire à venir ? Véritable phénomène d'édition, traduit dans une trentaine de langues, Sapiens est un livre audacieux, érudit et provocateur. Professeur d'Histoire à l'Université hébraïque de Jérusalem, Yuval Noah Harari mêle l'Histoire à la Science pour remettre en cause tout ce que nous pensions savoir sur l'humanité : nos pensées, nos actes, notre héritage... et notre futur. « Pharaonique. » Télérama « Magistral. » Le JDD",Social Science,Social Science,Albin Michel,2022-09-01,483,NOT_MATURE,2226481605,9782226481603,fr,inauthor:Yuval Noah Harari,2025-07-03T22:57:15.554902
ZTQ8EAAAQBAJ,Homo deus (édition 2017),Yuval Noah Harari,"Que deviendront nos démocraties quand Google et Facebook connaîtront nos gouts et nos préférences politiques mieux que nous-mêmes ? Qu'adviendra-t-il de l'Etat providence lorsque nous, les humains, serons évincés du marché de l'emploi par des ordinateurs plus performants ? Quelle utilisation certaines religions feront-elles de la manipulation génétique ? Homo Deus nous dévoile ce que sera le monde d'aujourd'hui lorsque, à nos mythes collectifs tels que les dieux, l'argent, l'égalité et la liberté, s'allieront de nouvelles technologies démiurgiques. Et que les algorithmes, de plus en plus intelligents, pourront se passer de notre pouvoir de décision. Car, tandis que l'Homo Sapiens devient un Homo Deus, nous nous forgeons un nouveau destin. Best-seller international - plus de 200 000 exemplaires vendus en France, traduit dans près de 40 langues - Sapiens interrogeait l'histoire de l'humanité, de l'âge de la pierre à l'ère de la Silicon Valley. Le nouveau livre de Yuval Noah Harari offre un aperçu vertigineux des rêves et des cauchemars qui façonneront le XXIe siècle.",Social Science,Social Science,Albin Michel,2017-09-06,460,NOT_MATURE,2226425675,9782226425676,fr,inauthor:Yuval Noah Harari,2025-07-03T22:57:15.554922
akkdEAAAQBAJ,Sapiens: A Graphic History,Yuval Noah Harari,"The ebook is designed to be read on devices with large color displays The Kindle edition is incompatible with iOS. See below for a list of supported devices. New York Times Bestseller The first volume of the graphic adaptation of Yuval Noah Harari's smash #1 New York Times and international bestseller recommended by President Barack Obama and Bill Gates, with gorgeous full-color illustrations and concise, easy to comprehend text for adult and young adult readers alike. One hundred thousand years ago, at least six different species of humans inhabited Earth. Yet today there is only one—homo sapiens. What happened to the others? And what may happen to us? In this first volume of the full-color illustrated adaptation of his groundbreaking book, renowned historian Yuval Harari tells the story of humankind’s creation and evolution, exploring the ways in which biology and history have defined us and enhanced our understanding of what it means to be “human.” From examining the role evolving humans have played in the global ecosystem to charting the rise of empires, Sapiens challenges us to reconsider accepted beliefs, connect past developments with contemporary concerns, and view specific events within the context of larger ideas. Featuring 256 pages of full-color illustrations and easy-to-understand text covering the first part of the full-length original edition, this adaptation of the mind-expanding book furthers the ongoing conversation as it introduces Harari’s ideas to a wide new readership.",Comics & Graphic Novels,Comics & Graphic Novels,HarperCollins,2020-11-03,252,NOT_MATURE,0063087944,9780063087941,en,inauthor:Yuval Noah Harari,2025-07-03T22:57:15.554936
v5piEAAAQBAJ,Sapiens By Yuval Noah Harari,Yuval Noah Harari,"SUMMARY: This book is a general overview of Sapiens: A Brief History of Humankind. It is intended to be read as a companionship to the original book, provide a general overview of the contents and concepts within it, and make studying the book less confusing. This summary is not affiliated with the writer or publisher of Sapiens in any way. ABOUT ORIGINAL BOOK: Written by Yuval Noah Harari, Sapiens: A Brief History of Humankind is explores the cultural evolution of Homo sapiens throughout the ages. It begins with early man, several species under the Homo genus, and continues chronologically through the ages. Harari’s explanations of human biology, psychology, and history is connected to the basis that humankind has not evolved in a very long time, and they are essentially the same hunter gatherers they always have been on a psychological level, only ow they’re living in an industrial world. DISCLAIMER: This is an UNOFFICIAL summary and not the original book. It designed to record all the key points of the original book.",History,History,Yuval Noah Harari,,23,NOT_MATURE,,,en,inauthor:Yuval Noah Harari,2025-07-03T22:57:15.554948
s1xqDwAAQBAJ,21 Leçons pour le XXIème siècle,Yuval Noah Harari,"Après Sapiens qui explorait le passé de notre humanité et Homo Deus la piste d’un avenir gouverné par l’intelligence artificielle, 21 leçons pour le XXIe siècle nous confronte aux grands défis contemporains. Pourquoi la démocratie libérale est-elle en crise ? Sommes-nous à l’aube d’une nouvelle guerre mondiale ? Que faire devant l’épidémie de « fake news » ? Quelle civilisation domine le monde : l’Occident, la Chine ou l’Islam ? Que pouvons-nous faire face au terrorisme ? Que devons-nous enseigner à nos enfants ? Avec l’intelligence, la perspicacité et la clarté qui ont fait le succès planétaire de ses deux précédents livres, Yuval Noah Harari décrypte le XXIe siècle sous tous ses aspects - politique, social, technologique, environnemental, religieux, existentiel... Un siècle de mutations dont nous sommes les acteurs et auquel, si nous le voulons réellement, nous pouvons encore redonner sens par notre engagement. Car si le futur de l’humanité se décide sans nous, nos enfants n’échapperont pas à ses conséquences.",Social Science,Social Science,ALBIN MICHEL,2018-10-02,432,NOT_MATURE,2226431438,9782226431431,fr,inauthor:Yuval Noah Harari,2025-07-03T22:57:15.554959
ZofcuwEACAAJ,Summary of 21 Lessons for the 21st Century by Yuval Noah Harari,Onehour Reads,"Buy the Paperback For $6.38 instead of $18.99 Discount Today Only and Get The Kindle Edition FREE | Try it Today FREE Summary Of 21 Lessons for the 21st Century By Yuval Noah Harari | Book Summary | OneHour Reads We think we have seen the worst of this world: the violation of human rights, terrorism and killings here and there. Sadly, it is going to get worse because the future is not ""bright"". We also think we (humans) rule the world and nothing can ever change that but if we do nothing, the environment and technology would unseat us. Also, we are so engrossed in other seemingly important things except the things that can save us. In the book, ""21 lessons for the 21st century, Yuval Noah Harari raises challenging questions about concepts that have become so enshrined in the global society and the author shows how these concepts have failed us, particularly now that we need them the most. This book rattles the foundation of everything we have believed over the years and how they are now the very things that have stopped us from coming together to fight and win the battle of the future. This book contains a comprehensive, well detailed summary and key takeaways of the original book by Yuval Noah Harari . It summarizes the book in detail, to help people effectively understand, articulate and imbibe the original work by Harari. This book is not meant to replace the original book but to serve as a companion to it This Book contains an Executive Summary of the original book Key Points of each chapter and Brief chapter-by-chapter summaries WHY BUY THIS BOOK: Save time and money by reading this Straight-to-the-point summary Gain more in-depth knowledge To get this book, Scroll Up Now and Click on the ""Buy now with 1-Click"" Button to Download your Copy Right Away! Enjoy this edition instantly on your Kindle device! Now available in paperback and digital editions. Disclaimer: This is a summary, review of the book ""21 Lessons for the 21st Century"" and not the original book. Tags: ------------ 21 lessons for 21st century, 21 lessons for the 21st century by yuval noah harari, 21 lessons for the 21st century summary, sapiens, yuval noah harari, kindle, paperback, hardcover, audio, audible",Study Aids,Study Aids,Independently Published,2018-09-12,74,NOT_MATURE,172026564X,9781720265641,en,inauthor:Yuval Noah Harari,2025-07-03T22:57:15.554969
uAyIzQEACAAJ,Sapiens: a Graphic History,Yuval Noah Harari,"The first volume of the graphic adaptation of Yuval Noah Harari's smash #1 New York Times and international bestseller recommended by President Barack Obama and Bill Gates, with gorgeous full-color illustrations and concise, easy to comprehend text for readers of all ages. One hundred thousand years ago, at least six different species of humans inhabited Earth. Yet today there is only one--homo sapiens. What happened to the others? And what may happen to us? In this first volume of the full-color illustrated adaptation of his groundbreaking book, renowned historian Yuval Harari tells the story of humankind's creation and evolution, exploring the ways in which biology and history have defined us and enhanced our understanding of what it means to be ""human."" From examining the role evolving humans have played in the global ecosystem to charting the rise of empires, Sapiens challenges us to reconsider accepted beliefs, connect past developments with contemporary concerns, and view specific events within the context of larger ideas. Featuring 256 pages of full-color illustrations and easy-to-understand text covering the first part of the full-length original edition, this adaptation of the mind-expanding book furthers the ongoing conversation as it introduces Harari's ideas to a wide new readership.",Comics & Graphic Novels,Comics & Graphic Novels,Harper Perennial,2020-10-27,248,NOT_MATURE,0063051338,9780063051331,en,inauthor:Yuval Noah Harari,2025-07-03T22:57:15.554979
XgksEQAAQBAJ,Homo Deus A Brief History of Tomorrow,Yuval Noah Harari,"Step into the future with Yuval Noah Harari’s groundbreaking book, Homo Deus: A Brief History of Tomorrow. Discover how humanity’s next chapter may be defined by the pursuit of immortality, artificial intelligence, and ultimate happiness, as we attempt to transcend our biological limitations. Harari challenges everything we know about the future of humankind, revealing the possibility that we might soon become gods ourselves. As technology advances, what role will we play in shaping a world where biological survival is no longer the priority?But here’s the pressing question: What happens when we no longer fear death and have the power to create our own future? Will our mastery over life and mind lead us to salvation, or are we setting ourselves up for disaster? In this compelling exploration, Harari confronts humanity’s most profound dilemmas, such as the ethical implications of artificial intelligence, genetic engineering, and bio-enhancements. This book will make you rethink not only the future but also your place in it. Are you ready to understand the future of humankind? In Homo Deus, Harari offers a thought-provoking analysis that will leave you questioning everything you know.Don’t miss your chance to explore tomorrow’s possibilities. Purchase Homo Deus: A Brief History of Tomorrow today and unlock the secrets of our future!",Humor,Humor,Prabhat Prakashan,2024-10-24,531,NOT_MATURE,,,en,inauthor:Yuval Noah Harari,2025-07-03T22:57:15.554988
zi9eEAAAQBAJ,"Unstoppable Us, Volume 1: How Humans Took Over the World",Yuval Noah Harari,"NEW YORK TIMES BESTSELLER • From world-renowned historian and philosopher Yuval Noah Harari, the bestselling author of Sapiens, comes an exciting, illustrated book for middle school readers that looks at the early history of humankind. A New York Times Best Book of the Year ""Gripping and thought-provoking."" —The New York Times Even though we’ll never outrun a hungry lion or outswim an angry shark, humans are pretty impressive—and we’re the most dominant species on the planet. So how exactly did we become “unstoppable”? The answer to that is one of the strangest tales you’ll ever hear. And it’s a true story! From learning to make fire and using the stars as guides to cooking meals in microwaves and landing on the moon, prepare to uncover the secrets and superpowers of how we evolved from our first appearances on Earth millions of years ago. Acclaimed author Yuval Noah Harari has expertly crafted an extraordinary story of how humans learned to not only survive but also thrive on Earth, complete with maps, a timeline, and full-color illustrations that bring his dynamic, unputdownable writing to life.",Juvenile Nonfiction,Juvenile Nonfiction,Bright Matter Books,2022-10-18,172,NOT_MATURE,059364347X,9780593643471,en,inauthor:Yuval Noah Harari,2025-07-03T22:57:15.554998
lIyTEAAAQBAJ,21 Lessons for the 21st Century,Yuval Noah Harari,"In Sapiens, he explored our past; in Homo Deus he looked to our future. Now, one of the most innovative thinkers on the planet turns to the present to make sense of today's most pressing issues. How do computers and robots change the meaning of being human? How do we deal with the epidemic of fake news? Are nations and religions still relevant? What should we teach our children? 21 Lessons for the 21st Century is a probing and visionary investigation into today's most urgent issues as we move into the unchartered territory of the future. As technology advances faster than our understanding of it, as hacking becomes a tactic of war, and as the world feels more polarized than ever, Yuval Noah Harari addresses the challenge of navigating life in the face of constant and disorienting change and raises the important questions we need to ask ourselves in order to survive. In twenty-one accessible chapters that are both provocative and profound, Harari builds on the ideas explored in his previous books, untangling political, technological, social, and existential issues and offering advice on how to prepare for a very different future from the world we live in. How can we retain freedom of choice when Big Data is watching us? What will the future workforce look like and how should we ready ourselves for it? How should we deal with the threat of terrorism? Why is liberal democracy in crisis? Harari's unique ability to make sense of where we have come from and where we are going has captured the imaginations of millions of readers around the world. Here he invites readers to consider values, meaning, and personal engagement in a world full of noise and uncertainty. In such a world deluged with irrelevant information, clarity is power. The ability of 21 Lessons for the 21st Century to present complex contemporary challenges clearly and accessibly makes it essential reading.",History,History,Signal,2020-03-31,417,NOT_MATURE,0771048882,9780771048883,en,inauthor:Yuval Noah Harari,2025-07-03T22:57:15.555008
M89yCgAAQBAJ,Sapiens,Yuval Noah Harari,"Il y a 100 000 ans, la Terre était habitée par au moins six espèces différentes d'hominidés. Une seule a survécu. Nous, les Homo Sapiens. Comment notre espèce a-t-elle réussi à dominer la planète ? Pourquoi nos ancêtres ont-ils uni leurs forces pour créer villes et royaumes ? Comment en sommes-nous arrivés à créer les concepts de religion, de nation, de droits de l'homme ? À dépendre de l'argent, des livres et des lois ? À devenir esclaves de la bureaucratie, des horaires, de la consommation de masse ? Et à quoi ressemblera notre monde dans le millénaire à venir ? Véritable phénomène d'édition, traduit dans une trentaine de langues, Sapiens est un livre audacieux, érudit et provocateur. Professeur d'Histoire à l'Université hébraïque de Jérusalem, Yuval Noah Harari mêle l'Histoire à la Science pour remettre en cause tout ce que nous pensions savoir sur l'humanité : nos pensées, nos actes, notre héritage... et notre futur.",Social Science,Social Science,Albin Michel,2015-09-02,475,NOT_MATURE,2226332197,9782226332196,fr,inauthor:Yuval Noah Harari,2025-07-03T22:57:15.555018
ylvsEAAAQBAJ,Nexus,Yuval Noah Harari,"The story of how information networks have made, and unmade, our world from the #1 Sunday Times bestselling author of Sapiens Stories brought us together. Books spread our ideas – and our mythologies. The internet promised infinite knowledge. The algorithm learned our secrets – and then turned us against each other. What will AI do? NEXUS is the thrilling account of how we arrived at this moment, and the urgent choices we must now make to survive – and to thrive. PRAISE FOR NEXUS 'One of the most remarkable intellects of our generation' RORY STEWART ‘Tremendous, thought-provoking and so very well-reasoned . . . If there is one book that I would urge everyone to read – it is Nexus’ STEPHEN FRY 'A wake-up call in the gentlest, most urgent way' YOTAM OTTOLENGHI 'This deeply important book comes at a critical time as we all think through the implications of AI’ MUSTAFA SULEYMAN 'A super narrative writer' GUARDIAN ‘[Harari] sticks the world together in a gleaming shape that inspires and excites' TELEGRAPH PRAISE FOR YUVAL NOAH HARARI ‘The great thinker of our age’ The Times ‘Interesting and provocative’ Barack Obama ‘One of my favourite writers and thinkers’ Natalie Portman **Instant Sunday Times bestseller, September 2024**",History,History,Random House,2024-09-10,326,NOT_MATURE,1529923506,9781529923506,en,inauthor:Yuval Noah Harari,2025-07-03T22:57:15.555033
0_uOEAAAQBAJ,Homo Deus,Yuval Noah Harari,"From the author of the international bestseller Sapiens: A Brief History of Humankind comes an extraordinary follow-up that explores the future of the human species. Humans today enjoy unprecedented levels of power and an increasingly god-like status. The great epidemics of the past—famine, plague and war—no longer control our lives. We are the only species in history that has single-handedly changed the entire planet, and we can no longer blame a higher being for our fate. But as our gods take a back seat, and Homo Sapiens becomes Homo Deus, what are we going to do with ourselves? How do we set the agenda for our own future without pushing our species—and the rest of the world—beyond its limits? In this vivid, challenging new book from the author of Sapiens, Yuval Noah Harari examines the implications of our newly upgraded condition, from our dogged pursuit of status and happiness to our constant quest to overcome death by pushing the boundaries of science. He explores how Homo Sapiens conquered the world, our creation of today's human-centred environment, our current predicament and our possible future. And, above all, he asks the fundamental questions: Where do we go from here? And how will we protect this fragile world from our own destructive powers?",History,History,National Geographic Books,2017-10-31,0,NOT_MATURE,0771038704,9780771038709,en,inauthor:Yuval Noah Harari,2025-07-03T22:57:15.555043
8IOTEAAAQBAJ,Sapiens/Homo Deus Boxed Set,Yuval Noah Harari,"Explore humanity's past--as well as its future--in this box set featuring Sapiens and its acclaimed companion Homo Deus, by one of the most innovative thinkers on the planet, Yuval Noah Harari. ""Fascinating . . . a crucial global conversation about how to take on the problems of the twenty-first century.""--Bill Gates, New York Times Book Review 100,000 years ago, at least six species of human inhabited the earth. Today there is just one. Us. Homo Sapiens. How did our species succeed in the battle for dominance? Why did our foraging ancestors come together to create cities and kingdoms? How did we come to believe in gods, nations, and human rights; to trust money, books, and laws; and to be enslaved by bureaucracy, timetables, and consumerism? And what will our world be like in the millennia to come? In Sapiens, Dr. Yuval Noah Harari spans the whole of human history, from the very first humans to walk the earth to the radical--and sometimes devastating--breakthroughs of the Cognitive, Agricultural, and Scientific Revolutions. Drawing on insights from biology, anthropology, palaeontology, and economics, he explores how the currents of history have shaped our human societies, the animals and plants around us, and even our personalities. Have we become happier as history has unfolded? Can we ever free our behaviour from the heritage of our ancestors? And what, if anything, can we do to influence the course of the centuries to come? Bold, wide-ranging, and provocative, Sapiens challenges everything we thought we knew about being human: our thoughts, our actions, our power . . . and our future. Humans today enjoy unprecedented levels of power and an increasingly god-like status. The great epidemics of the past--famine, plague and war--no longer control our lives. We are the only species in history that has single-handedly changed the entire planet, and we can no longer blame a higher being for our fate. But as our gods take a back seat, and Homo Sapiens becomes Homo Deus, what are we going to do with ourselves? How do we set the agenda for our own future without pushing our species--and the rest of the world--beyond its limits? In Homo Deus: A Brief History of Tomorrow, Dr. Yuval Noah Harari examines the implications of our newly upgraded condition, from our dogged pursuit of status and happiness to our constant quest to overcome death by pushing the boundaries of science. He explores how Homo Sapiens conquered the world, our creation of today's human-centred environment, our current predicament and our possible future. And, above all, he asks the fundamental questions: Where do we go from here? And how will we protect this fragile world from our own destructive powers?",History,History,Signal Books,2017-11-14,0,NOT_MATURE,0735253404,9780735253407,en,inauthor:Yuval Noah Harari,2025-07-03T22:57:15.555052
gmiSEAAAQBAJ,Nous les indomptables - tome 1,Yuval Noah Harari,"Sais-tu que tu as un super-pouvoir ? Partout sur Terre, les humains dominent la planète. Comment sont-ils devenus si puissants ? Pour découvrir leur super-pouvoir, plonge dans cet ouvrage fourmillant d’illustrations et remonte le temps: tu emprunteras le même chemin que nos ancêtres et tu croiseras des serpents géants, des nains et le Grand Esprit lion. Tu apprendras aussi que la maîtrise du feu a fait rétrécir nos estomacs, que les règles du foot nous renseignent beaucoup sur notre espèce et que l’argent est une histoire imaginaire à laquelle tout le monde croit. Un livre accessible et indispensable, qui raconte une histoire incroyable mais vraie : celle de l’humanité.",Juvenile Nonfiction,Juvenile Nonfiction,ALBIN MICHEL,2022-10-05,176,NOT_MATURE,2226479368,9782226479365,fr,inauthor:Yuval Noah Harari,2025-07-03T22:57:15.555062
c9Sp0AEACAAJ,"Sapiens a Graphic History, Volume 1","Yuval Noah Harari, David Vandermeulen","The first volume of the graphic adaptation of Yuval Noah Harari's global phenomenon and smash Sunday Times #1 bestseller, with gorgeous full-colour illustrations and a beautiful package - the perfect gift for the curious beings in your life. One hundred thousand years ago, at least six different species of humans inhabited Earth. Yet today there is only one-homo sapiens. What happened to the others? And what may happen to us? In this first volume of the full-colour illustrated adaptation of his groundbreaking book, renowned historian Yuval Harari tells the story of humankind's creation and evolution, exploring the ways in which biology and history have defined us and enhanced our understanding of what it means to be ""human"". From examining the role evolving humans have played in the global ecosystem to charting the rise of empires, Sapiens challenges us to reconsider accepted beliefs, connect past developments with contemporary concerns, and view specific events within the context of larger ideas. Featuring 256 pages of full-colour illustrations and easy-to-understand text covering the first part of the full-length original edition, this adaptation of the mind-expanding book furthers the ongoing conversation as it introduces Harari's ideas to a wider new readership.",Comics & Graphic Novels,Comics & Graphic Novels,Jonathan Cape,2020-11-12,0,NOT_MATURE,1787332810,9781787332812,en,inauthor:Yuval Noah Harari,2025-07-03T22:57:15.555072
qtvxEAAAQBAJ,"Sapiens A Graphic History, Volume 3",Yuval Noah Harari,"Sometimes history seems like a laundry list of malevolent monarchs, pompous presidents and dastardly dictators. But are they really the ones in the driving seat? Sapiens: A Graphic History Volume 3 – The Masters of History takes us on a hilarious ride through the past to discover the forces that change our world, bring us together, and – just as often – tear us apart. Grab a front-row seat to the greatest show on earth and explore the rise of money, religion and empire. Join our fabulous host Heroda Tush, as she wonders: which historical superhero will display the power to make civilisations rise and fall? Will Mr Random prove that luck and circumstance prevail? Will Lady Empire convince us of the irrefutable shaping force of conquerors? Or will Clashwoman beat them all to greatness by reminding us of the endless confrontations that seem to forever plague our species? This third instalment in the Sapiens: A Graphic History series is an engaging, insightful, and colourful retelling of the story of humankind. The perfect gift for curious minds of all ages! Praise for Yuval Noah Harari’s Sapiens: 'I would recommend Sapiens to anyone who's interested in the history and future of our species.' Bill Gates 'Interesting and provocative . . . It gives you a sense of how briefly we've been on this Earth' Barack Obama 'Jaw-dropping from the first word to the last . . . It may be the best book I've ever read' Chris Evans",Young Adult Nonfiction,Young Adult Nonfiction,Random House,2024-10-31,289,NOT_MATURE,152992961X,9781529929614,en,inauthor:Yuval Noah Harari,2025-07-03T22:57:15.555081
ncJzzgEACAAJ,"Sapiens: A Graphic History, Volume 2: The Pillars of Civilization",Yuval Noah Harari,"This second volume of Sapiens: A Graphic History, the full-color graphic adaptation of Yuval Noah Harari's #1 New York Times bestseller, focuses on the Agricultural Revolution--when humans fell into a trap we've yet to escape: working harder and harder with diminishing returns. What if humanity's major woes--war, plague, famine and inequality--originated 12,000 years ago, when Homo sapiens converted from nomads to settlers, in pursuit of the fantasy of productivity and efficiency? What if by seeking to control plants and animals, humans ended up being controlled by kings, priests, and Kafkaesque bureaucracy? Volume 2 of Sapiens: A Graphic History-The Pillars of Civilization explores a crucial chapter in human development: the Agricultural Revolution. This is the story of how wheat took over the world; how an unlikely marriage between a god and a bureaucrat created the first empires; and how war, plague, famine, and inequality became an intractable feature of the human condition. But it's not all doom and gloom with this book's cast of entertaining characters and colorful humorous scenes. Yuval, Zoe, Prof. Saraswati, Cindy and Bill (now farmers), Detective Lopez, and Dr. Fiction, all introduced in Volume 1, once again travel the length and breadth of human history, this time investigating the impact the Agricultural Revolution has had on our species. The cunning Mephisto shows them how to ensnare humans, King Hammurabi lays down the law, and Confucius explains harmonious society. The origins of modern farming are introduced through Elizabethan tragedy; the changing fortunes of domesticated plants and animals are tracked in the columns of the Daily Business News; the story of urbanization is portrayed as a travel brochure, offering discount journeys to ancient Babylon and China; and the history of inequality unfolds in a superhero detective story; with guest appearances by historical and cultural personalities throughout such as Thomas Jefferson, Scarlett O'Hara, and Ruth Bader Ginsburg. Sapiens: A Graphic History, Volume 2 is a radical, witty and colorful retelling of the story of humankind for adults and young adults, and can be read on its own or in sequence with Volume I.",Comics & Graphic Novels,Comics & Graphic Novels,Harper,2021-10-26,256,NOT_MATURE,0063212226,9780063212220,en,inauthor:Yuval Noah Harari,2025-07-03T22:57:15.555092
hN0vEQAAQBAJ,Sapiens,Yuval Noah Harari,"| NỘI DUNG CHÍNH | Sapiens, đưa chúng ta vào một chuyến đi kinh ngạc qua toàn bộ lịch sử loài người, từ những gốc rễ tiến hóa của nó đến thời đại của chủ nghĩa tư bản và kỹ thuật di truyền, để khám phá tại sao chúng ta đang trong những điều kiện sinh sống hiện tại. Sapiens tập trung vào các quá trình quan trọng đã định hình loài người và thế giới quanh nó, chẳng hạn như sự ra đời của sản xuất nông nghiệp, việc tạo ra tiền, sự lan truyền của những tôn giáo, và sự nổi lên của những nhà nước quốc gia. Không giống như những quyển sách khác cùng loại, Sapiens đã có một lối tiếp cận liên ngành học, bắc cầu qua những khoảng cách giữa lịch sử, sinh học, triết học và kinh tế theo một lối trước đây chưa từng có. Hơn nữa, lấy cả quan điểm vĩ mô và vi mô, Sapiens không chỉ đề cập đến những gì đã xảy ra và tại sao, mà còn đi sâu vào việc những cá nhân trong lịch sử đó đã cảm nhận nó như thế nào. Câu hỏi lớn và sâu sắc của Harari là: chúng ta thực sự muốn gì? Có cách nào để đạt được hạnh phúc cho con người chúng ta, hoặc thậm chí liệu chúng ta có biết được nó là gì hay không? Trong cốt lõi của nó, Sapiens biện luận rằng chúng ta không biết về bản thân chúng ta, huống chi biết được những nhu cầu của những loài sinh vật khác. Chúng ta đã quá thường xuyên bị những tưởng tượng hư cấu của chúng ta lừa dối. Lịch sử cũng là một hư cấu, nhưng một hư cấu đã được kiềm chế bởi thực tại và biện luận: một hình thức của huyền thoại – một hư cấu hữu ích – khiến nó có thể mang lại sự giác ngộ của sự tự biết chính mình. “Tôi khuyến khích tất cả chúng ta, dẫu có những tin tưởng tín ngưỡng nào, để đặt câu hỏi về những thuật kể cơ bản về thế giới chúng ta, để nối những phát triển ngày xưa với những quan tâm ngày nay, và để không sợ hãi những vấn đề tranh luận” (Yuval Noah Harari) | NHẬN XÉT/ĐÁNH GIÁ | Điểm độc đáo ở Harari là ông tập trung vào sức mạnh của câu chuyện và huyền thoại để đưa mọi người lại gần nhau… Tôi muốn giới thiệu cuốn sách này cho bất cứ ai hứng thú quan tâm tới một cách nhìn đầy hấp dẫn và thú vị về lịch sử ban đầu của con người… Harari kể về lịch sử loài người theo một cách dễ tiếp cận khiến bạn thật khó có thể đặt nó xuống”. – Bill Gates “Sapiens tìm câu trả lời cho vấn đề lớn nhất của lịch sử cũng như của thế giới hiện đại, và nó được viết bằng một thứ ngôn ngữ tuyệt vời khiến người ta không thể quên được”. – Jared Diamond, tác giả cuốn sách đoạt giải Pulitzer Súng, vi trùng và thép “Sapiens thuộc loại sách có thể giúp dọn sạch tâm trí bạn. Tác giả của nó, Yuval Noah Harari, là một học giả người Israel trẻ tuổi và là một người làm xiếc tri thức điêu luyện với những bước nhảy logic khiến bạn phải thót tim ngưỡng mộ… Ngòi bút của Harari tỏa ra sức mạnh và sự sáng rõ, làm cho thế giới trở nên kỳ lạ và mới mẻ”. – John Carey, The Sunday Times",History,History,Vietnam Omega Books. JSC,2024-11-30,632,NOT_MATURE,6044843300,9786044843308,vi,inauthor:Yuval Noah Harari,2025-07-03T22:57:15.555102
Ok32DwAAQBAJ,"Sapiens: A Graphic History, Volume 1",Yuval Noah Harari,"Volume one of the epic, beautifully illustrated graphic history of humankind, based on Yuval Noah Harari's internationally bestselling phenomenon In a world deluged by irrelevant information, clarity is power. How can we see the big picture without getting caught up in an infinity of little details? One way is to step back, to look at the really big picture: the entire history of the human species. Sapiens: A Graphic History, The Birth of Humankind is the story of how an insignificant ape became the ruler of planet Earth, capable of splitting the atom, flying to the Moon, and manipulating the genetic code of life. With Yuval Noah Harari as your guide, and accompanied by characters like Prehistoric Bill, Dr. Fiction, and Detective Lopez, you are invited to take a ride on the wild side of history. The graphic format offers readers a new intellectual and artistic exploration of the past. Human evolution is reimagined as a tacky reality TV show. The first encounter between Sapiens and Neanderthals is explored through the master-pieces of modern art. The extinction of the mammoths and saber-toothed tigers is retold as a ""whodunit"" movie. Sapiens: A Graphic History is a radical, and radically fun, retelling of the story of humankind, bursting with wit, humor, and colorful characters. If you want to know why we are all trapped inside the dreams of dead people—read this book.",Comics & Graphic Novels,Comics & Graphic Novels,Signal,2020-10-27,250,NOT_MATURE,0771038755,9780771038754,en,inauthor:Yuval Noah Harari,2025-07-03T22:57:15.555111
zfuOEAAAQBAJ,Sapiens,Yuval Noah Harari,"NATIONAL BESTSELLER NEW YORK TIMES BESTSELLER Destined to become a modern classic in the vein of Guns, Germs, and Steel, Sapiens is a lively, groundbreaking history of humankind told from a unique perspective. 100,000 years ago, at least six species of human inhabited the earth. Today there is just one. Us. Homo Sapiens. How did our species succeed in the battle for dominance? Why did our foraging ancestors come together to create cities and kingdoms? How did we come to believe in gods, nations, and human rights; to trust money, books, and laws; and to be enslaved by bureaucracy, timetables, and consumerism? And what will our world be like in the millennia to come? In Sapiens, Dr. Yuval Noah Harari spans the whole of human history, from the very first humans to walk the earth to the radical — and sometimes devastating — breakthroughs of the Cognitive, Agricultural, and Scientific Revolutions. Drawing on insights from biology, anthropology, palaeontology, and economics, he explores how the currents of history have shaped our human societies, the animals and plants around us, and even our personalities. Have we become happier as history has unfolded? Can we ever free our behaviour from the heritage of our ancestors? And what, if anything, can we do to influence the course of the centuries to come? Bold, wide-ranging and provocative, Sapiens challenges everything we thought we knew about being human: our thoughts, our actions, our power...and our future.",History,History,National Geographic Books,2016-05-10,0,NOT_MATURE,0771038518,9780771038518,en,inauthor:Yuval Noah Harari,2025-07-03T22:57:15.555121
24SJMAEACAAJ,From Animals Into Gods,Yuval Noah Harari,"About 100,000 years ago, Homo sapiens was still an insignificant animal minding its own business in a corner of Africa. Our ancestors shared the planet with at least five other human species, and their role in the ecosystem was no greater than that of gorillas, fireflies, or jellyfish. Then, about 70,000 years ago, a mysterious change took place in the mind of Homo sapiens, transforming it into the master of the entire planet and the terror of the ecosystem. Today it stands on the verge of becoming a god, acquiring divine abilities of creation and destruction. * How did Homo sapiens conquer Earth? * What befell the other human species? * When did money, states and religion appear, and why? * How did science and capitalism become the dominant creeds of the modern era? * Does history have a direction? * Is there justice in history? * Did people become happier as history unfolded? * And what are the chances that Homo sapiens will still be around in a hundred years?",Human beings,Human beings,Unknown,2012-07-16,494,NOT_MATURE,1478237856,9781478237853,en,inauthor:Yuval Noah Harari,2025-07-03T22:57:15.555137
HGDlEAAAQBAJ,Nous les indomptables - tome 2,Yuval Noah Harari,"Sais-tu pourquoi le monde est devenu injuste ? T’es-tu déjà demandé pourquoi certains, comme les rois et les reines, vivent dans un palais et donnent des ordres à tout le monde, tandis que d’autres doivent récurer ce palais sans broncher ? Ce n’est pas juste ! Grâce à ce deuxième tome de la série « Nous, les indomptables », tu vas comprendre pourquoi on en est arrivé là, et comment on peut faire évoluer les choses dans le bon sens. Il y a 10 000 ans, une révolution a transformé nos modes de vie : on a appris à cultiver le blé. Étonnamment, cela a donné lieu à des famines et des épidémies... et les humains ont même inventé la guerre ! Un livre génial qui explique l’injustice avec clarté et humour, et qui donne espoir dans notre capacité à changer le cours de l’histoire !",Juvenile Nonfiction,Juvenile Nonfiction,ALBIN MICHEL,2023-11-25,173,NOT_MATURE,2226490949,9782226490940,fr,inauthor:Yuval Noah Harari,2025-07-03T22:57:15.555148
0fiOEAAAQBAJ,"Sapiens: A Graphic History, Volume 2",Yuval Noah Harari,"Volume two of Sapiens: A Graphic History: the epic, beautifully illustrated graphic history of humankind, based on Yuval Noah Harari's internationally bestselling phenomenon. Twelve thousand years ago, we humans fell into a trap. Volume II of Sapiens: A Graphic History tells the story of how we took over the world; how an unlikely marriage between a god and a bureaucrat created the first empires; and how war, famine, disease, and inequality became a part of the human condition. Sound sombre? Not with this cast of entertaining characters, returning from Volume I to explore the Agricultural Revolution. Yuval, Zoe, Prof. Saraswati, Cindy and Bill (turned farmers), Detective Lopez, and Dr. Fiction – are all back to travel the length and breadth of human history. The cunning Mephisto shows them how to entrap humans, King Hammurabi lays down the law, and Confucius explains harmonious society. With guest appearances by Thomas Jefferson, Scarlet O’Hara and Ruth Bader Ginsburg. And there’s plenty more genre-bending to enjoy in this book. The origins of modern farming are introduced through Elizabethan tragedy, the changing fortunes of domesticated plants and animals are tracked in the columns of the Daily Business News, the story of urbanization is told as a travel brochure offering discount journeys to ancient Babylon and China, while the history of inequality is scouted out in a superhero detective story.",Comics & Graphic Novels,Comics & Graphic Novels,National Geographic Books,2021-10-26,0,NOT_MATURE,0771000251,9780771000256,en,inauthor:Yuval Noah Harari,2025-07-03T22:57:15.555157
UVfb0AEACAAJ,Sapiens Graphic Novel,Yuval Noah Harari,"The first volume of the graphic adaptation of Yuval Noah Harari's global phenomenon and smash Sunday Times #1 bestseller, with gorgeous full-colour illustrations and a beautiful package - the perfect gift for the curious beings in your life. One hundred thousand years ago, at least six different species of humans inhabited Earth. Yet today there is only one-homo sapiens. What happened to the others? And what may happen to us? In this first volume of the full-colour illustrated adaptation of his groundbreaking book, renowned historian Yuval Harari tells the story of humankind's creation and evolution, exploring the ways in which biology and history have defined us and enhanced our understanding of what it means to be human . From examining the role evolving humans have played in the global ecosystem to charting the rise of empires, Sapiens challenges us to reconsider accepted beliefs, connect past developments with contemporary concerns, and view specific events within the context of larger ideas. Featuring 256 pages of full-colour illustrations and easy-to-understand text covering the first part of the full-length original edition, this adaptation of the mind-expanding book furthers the ongoing conversation as it introduces Harari's ideas to a wider new readership.",,General,Unknown,2020,0,NOT_MATURE,1787332810,9781787332812,en,inauthor:Yuval Noah Harari,2025-07-03T22:57:15.555167
06hkEQAAQBAJ,"Unstoppable Us, Volume 3: How Enemies Become Friends",Yuval Noah Harari,"In the third book in the New York Times bestselling series from Yuval Noah Harari, explore how different ancient civilizations united and created countries and cultures we have today! How do you become friends with your enemies? The answer to that is one of the strangest tales you’ll ever hear. And it’s a true story! Books, movies, and video games are full of stories about wars, battles, and empires, but where did all these conflicts come from? More than 2,000 years ago, humans collaborated, exchanged stories, and married those from different lands. New cities and cultures were formed, and languages and religions were shared. But sometimes our differences become bigger than the things that unite us, turning us from neighbors to enemies. From exchanging food and traveling across oceans to building empires and developing religions, prepare to explore how early civilizations interacted with each other and shaped the way we are today. In Unstoppable Us, Volume 1 and 2, acclaimed author Yuval Noah Harari explored the early history of humankind and how human society flourished. In Volume 3, he is back with a captivating story of how cities formed and grew. His dynamic writing is accompanied by a map, timeline, and full-color illustrations, bringing this amazing story of our past to life.",Juvenile Nonfiction,Juvenile Nonfiction,Random House,2026-02-03,0,NOT_MATURE,,9798217115686,en,inauthor:Yuval Noah Harari,2025-07-03T22:57:15.555177
hbAzDwAAQBAJ,Money,Yuval Noah Harari,"Selected from the books Sapiens and Homo Deus by Yuval Noah Harari How did money come to be invented? Why does it now have such significance in our lives? Does it make us happier or unhappier? And what does the future hold for it? With brilliant clarity and insight, Yuval Noah Harari takes the reader on a journey from the very first coins through to 21st century economics and shows us how we are all on the brink of a revolution, whether we like it or not. VINTAGE MINIS: GREAT MINDS. BIG IDEAS. LITTLE BOOKS. A series of short books by the world’s greatest writers on the experiences that make us human Also in the Vintage Minis series: Home by Salman Rushdie Babies by Anne Enright Eating by Nigella Lawson Drinking by John Cheever",Social Science,Social Science,Random House,2018-04-05,110,NOT_MATURE,147355604X,9781473556041,en,inauthor:Yuval Noah Harari,2025-07-03T22:57:15.555206
4LPIvOCuWYYC,What Are the Gospels?,Richard A. Burridge,"""The publication of Richard Burridge's What Are the Gospels? in 1992 inaugurated a transformation in Gospel studies by overturning the previous consensus about Gospel uniqueness. Burridge argued convincingly for an understanding of the Gospels as biographies, a ubiquitous genre in the Graeco-Roman world. To establish this claim, Burridge compared each of the four canonical Gospels to the many extant Graeco-Roman biographies. Drawing on insights from literary theory, he demonstrated that the previously widespread view of the Gospels as unique compositions was false. Burridge went on to discuss what a properly ""biographical"" perspective might mean for Gospel interpretation, which was amply demonstrated in the revised second edition reflecting on how his view had become the new consensus. This third, twenty-fifth anniversary edition not only celebrates the continuing influence of What Are the Gospels?, but also features a major new contribution in which Burridge analyzes recent debates and scholarship about the Gospels. Burridge both answers his critics and reflects upon the new directions now being taken by those who accept the biographical approach. This new edition also features as an appendix a significant article in which he tackles the related problem of the genre of Acts. A proven book with lasting staying power, What Are the Gospels? is not only still as relevant and instructive as it was when first published, but will also doubtlessly inspire new research and scholarship in the years ahead.""-- Provided by publisher.",Biography & Autobiography,Biography & Autobiography,Wm. B. Eerdmans Publishing,2004-08-09,384,NOT_MATURE,0802809715,9780802809711,en,subject:Biography,2025-07-03T22:57:17.364556
s90nDwAAQBAJ,The Drowned and the Saved,Primo Levi,"In his final book before his death, Primo Levi returns once more to his time at Auschwitz in a moving meditation on memory, resiliency, and the struggle to comprehend unimaginable tragedy. Drawing on history, philosophy, and his own personal experiences, Levi asks if we have already begun to forget about the Holocaust. His last book before his death, Levi returns to the subject that would define his reputation as a writer and a witness. Levi breaks his book into eight essays, ranging from topics like the unreliability of memory to how violence twists both the victim and the victimizer. He shares how difficult it is for him to tell his experiences with his children and friends. He also debunks the myth that most of the Germans were in the dark about the Final Solution or that Jews never attempted to escape the camps. As the Holocaust recedes into the past and fewer and fewer survivors are left to tell their stories, The Drowned and the Saved is a vital first-person testament. Along with Elie Wiesel and Hannah Arendt, Primo Levi is remembered as one of the most powerful and perceptive writers on the Holocaust and the Jewish experience during World War II. This is an essential book both for students and literary readers. Reading Primo Levi is a lesson in the resiliency of the human spirit.",Biography & Autobiography,Biography & Autobiography,Simon and Schuster,2017-06-20,208,NOT_MATURE,1501167634,9781501167638,en,subject:Biography,2025-07-03T22:57:17.364702
JT6FCgAAQBAJ,Steve Jobs,Walter Isaacson,"""FROM THE AUTHOR OF THE BESTSELLING BIOGRAPHIES OF BENJAMIN FRANKLIN AND ALBERT EINSTEIN, THIS IS THE EXCLUSIVE BIOGRAPHY OF STEVE JOBS. Based on more than forty interviews with Jobs conducted over two years--as well as interviews with more than a hundred family members, friends, adversaries, competitors, and colleagues--Walter Isaacson has written a riveting story of the roller-coaster life and searingly intense personality of a creative entrepreneur whose passion for perfection and ferocious drive revolutionized six industries: personal computers, animated movies, music, phones, tablet computing, and digital publishing. At a time when America is seeking ways to sustain its innovative edge, and when societies around the world are trying to build digital-age economies, Jobs stands as the ultimate icon of inventiveness and applied imagination. He knew that the best way to create value in the twenty-first century was to connect creativity with technology. He built a company where leaps of the imagination were combined with remarkable feats of engineering. Although Jobs cooperated with this book, he asked for no control over what was written nor even the right to read it before it was published. He put nothing off-limits. He encouraged the people he knew to speak honestly. And Jobs speaks candidly, sometimes brutally so, about the people he worked with and competed against. His friends, foes, and colleagues provide an unvarnished view of the passions, perfectionism, obsessions, artistry, devilry, and compulsion for control that shaped his approach to business and the innovative products that resulted. Driven by demons, Jobs could drive those around him to fury and despair. But his personality and products were interrelated, just as Apple's hardware and software tended to be, as if part of an integrated system. His tale is instructive and cautionary, filled with lessons about innovation, character, leadership, and values""--",Biography & Autobiography,Biography & Autobiography,Simon and Schuster,2015-09-15,656,NOT_MATURE,1501127624,9781501127625,en,subject:Biography,2025-07-03T22:57:17.364722
rA0xAQAAIAAJ,Visas for Life,Yukiko Sugihara,"""Read the first English translated memoirs by his widow, Yukiko Sugihara. Learn about the significant roles that Chiune played before, during, and after World War Two. Read about the historical forces and events that occurred during this chapter of our history and how Chiune's decisions made a difference. Learn more about this extraordinarily unique and humanitarian diplomat who made the decision to go against the orders of his Japanese government, putting his life and that of his family at risk, in order to save the lives of thousands of Jewish refugees by helping them escape capture by the Nazis. Discover how this heroic, charismatic, and talented man continually chose to make decisions in his life by listening to his higher-level consciousness and recognizing his love for his fellow man, rather than to allow himself to be swayed by other individuals and outside forces""--Publisher's description.",Biography & Autobiography,Biography & Autobiography,Conran Octopus,1995,192,NOT_MATURE,,,en,subject:Biography,2025-07-03T22:57:17.364736
19fuGwAACAAJ,John,Cynthia Lennon,"The definitive biography and most intimate portrait yet of the world's greatest rock star - John Lennon - by his first wife Cynthia. Cynthia met John Lennon at art college. They fell in love, married and had a son, Julian, at the start of the Beatles phenomenon and their relationship spanned ten of the most important Beatles years. She is one of the few and closest witnesses to events that have become music legend. But as well as new insight into the Beatles years, Cynthia has a compelling personal story of marriage, motherhood and a man - John Lennon - who was to become the most idolised and admired of all the Beatles. As with all iconic figures, the mythology is often better known than the real story. Her affection undimmed, Cynthia is candid about the cruel, as well as the loving, side of John. She tells of the end of their marriage and the beginning of his relationship with Yoko Ono in more detail than ever before, and reveals the many difficulties estrangement from John - and then his death - brought for herself and their son Julian. insight into a man loved by so many around the world is sure to be a huge bestseller.",Rock musicians,Rock musicians,Unknown,2005,404,NOT_MATURE,034089511X,9780340895115,en,subject:Biography,2025-07-03T22:57:17.364750
2DT4DwAAQBAJ,Man of Contradictions,Ben Bland,"From a riverside shack to the presidential palace, Joko Widodo surged to the top of Indonesian politics on a wave of hope for change. However, six years into his presidency, the former furniture maker is struggling to deliver the reforms that Indonesia desperately needs. Despite promising to build Indonesia into an Asian powerhouse, Jokowi, as he is known, has faltered in the face of crises, from COVID-19 to an Islamist mass movement. Man of Contradictions, the first English-language biography of Jokowi, argues that the president embodies the fundamental contradictions of modern Indonesia. He is caught between democracy and authoritarianism, openness and protectionism, Islam and pluralism. Jokowi's incredible story shows what is possible in Indonesia - and it also shows the limits.",Political Science,Political Science,Random House Australia,2020-09,194,NOT_MATURE,1760897248,9781760897246,en,subject:Biography,2025-07-03T22:57:17.364764
YKBRCgAAQBAJ,Alpine Warriors,Bernadette McDonald,"By the early 70's, they had advanced to the 8000ers. Although not exclusively Slovenian, the teams were - not surprisingly - dominated by Slovenian climbers, since Slovenia is blessed with the Julian Alps. A fiercely steep range of limestone peaks, the Julian Alps provided the ideal training ground for Slovenian climbers, in both summer and winter. The brooding north faces and razor-sharp ridges taught them the skills they would need on the highest mountains on earth - the Himalaya. But when Tito died in 1980, the calm period ended. Inter-ethnic conflict and economic decline ripped the country apart. Serbian Communist leader, Slobodan Milosevic, led the charge with, what appeared to be an unstoppable strategy of aggression and oppression. But he misread the strength and character of several Yugoslavian states, including that most northerly one - Slovenia. By the summer of 1991, Slovenia was an independent country.",Biography & Autobiography,Biography & Autobiography,Rocky Mountain Books Ltd,2015,336,NOT_MATURE,1771601094,9781771601092,en,subject:Biography,2025-07-03T22:57:17.364777
z5kv7iMeePwC,Who's Who in the New Testament,Ronald Brownrigg,"The most detailed and complete reference book of its kind, it is extremely accessible and easy to use in an A-Z format. It includes over 300 extensive entries covering every major character and detailed bibliographical information.Who's Who in The New Testament is the most complete and detailed reference book of its kind. Paying close attention to the places linked with the major events of Jesus's life, it provides:* over 300 extensive entries covering every major character* detailed biographical information on each character, including exactly where to find them in the Bible* the complete historical, geographical and archaeological context of each entry* an extremely accessible and easy to use A-Z layout* extensive geographical entries focusing on the growth of the Christian Church and the key locations in the New Testament* comprehensive interpretative analysis of the varying versions of the Gospels and the characters of the authors.",Religion,Religion,Psychology Press,2002,362,NOT_MATURE,0415260361,9780415260367,en,subject:Biography,2025-07-03T22:57:17.364797
XdMBTKWSfeMC,Taras Bulba,Nikolái V. Gogol,"Feroces, crueles, valientes y apasionados, los cosacos hacen temblar la estepa bajo los cascos de sus caballos. Y entre ellos se encuentra Taras Bulba, un anciano lleno aún de fuerza e inteligencia que junto a sus hijos, Ostap y Andrí, avanzará por tierras polacas con intención de vengar su fe ortodoxa burlada por los católicos. Ninguna guarnición, ciudad amurallada o iglesia podrán detenerlos, hasta que la desgracia se cierna sobre ellos y el apuesto y enamoradizo Andrí haga que su padre maldiga el día en que lo engendró. Taras Bulba, una anomalía entre la obra más conocida de Gogol, es una aventura trepidante, una sinfonía en perpetuo crescendo, en la que cada capítulo es más intenso y sorprendente que el anterior. un fresco tan afinadamente dibujado y tan vívido que resulta absolutamente intemporal.",Literary Criticism,Literary Criticism,Ediciones AKAL,2006-12-19,154,NOT_MATURE,8446023709,9788446023708,es,subject:Fiction,2025-07-03T22:57:25.463987
UiRdEQAAQBAJ,The History of the Peloponnesian War,Thucydides,"The History of the Peloponnesian War (Greek: Ἱστορίαι, ""Histories"") is a historical account of the Peloponnesian War (431–404 BC), which was fought between the Peloponnesian League (led by Sparta) and the Delian League (led by Athens). It was written by Thucydides, an Athenian historian who also served as an Athenian general during the war. His account of the conflict is widely considered to be a classic and regarded as one of the earliest scholarly works of history. The History is divided into eight books.",Fiction,Fiction,Otbebookpublishing,2021-01-13,742,NOT_MATURE,3968656768,9783968656762,en,subject:Fiction,2025-07-03T22:57:25.464120
MRoMUV2kLZEC,Mysteries,Knut Hamsun,"The first complete English translation of the Nobel Prize-winner’s literary masterpiece A Penguin Classic Mysteries is the story of Johan Nilsen Nagel, a mysterious stranger who suddenly turns up in a small Norwegian town one summer—and just as suddenly disappears. Nagel is a complete outsider, a sort of modern Christ treated in a spirit of near parody. He condemns the politics and thought of the age, brings comfort to the “insulted and injured,” and gains the love of two women suggestive of the biblical Mary and Martha. But there is a sinister side of him: in his vest he carries a vial of prussic acid... The novel creates a powerful sense of Nagel's stream of thought, as he increasingly withdraws into the torture chamber of his own subconscious psyche. For more than seventy years, Penguin has been the leading publisher of classic literature in the English-speaking world. With more than 1,800 titles, Penguin Classics represents a global bookshelf of the best works throughout history and across genres and disciplines. Readers trust the series to provide authoritative texts enhanced by introductions and notes by distinguished scholars and contemporary authors, as well as up-to-date translations by award-winning translators.",Fiction,Fiction,Penguin,2001-01-01,356,NOT_MATURE,0141186186,9780141186184,en,subject:Fiction,2025-07-03T22:57:25.464135
6vGiDwAAQBAJ,The Picture of Dorian Gray,Oscar Wilde,"The Picture of Dorian Gray is the only published novel by Oscar Wilde, appearing as the lead story in Lippincott's Monthly Magazine on 20 June 1890, printed as the July 1890 issue. The magazine's editors feared the story was indecent as submitted, so they censored roughly 500 words, without Wilde's knowledge, before publication. But even with that, the story was still greeted with outrage by British reviewers, some of whom suggested that Wilde should be prosecuted on moral grounds, leading Wilde to defend the novel aggressively in letters to the British press. Today, Wilde's fin de siècle novella is considered a classic. This new edition from Immortal Books includes footnotes and images.",Fiction,Fiction,Lulu.com,2019-07-12,188,NOT_MATURE,0359788335,9780359788330,en,subject:Fiction,2025-07-03T22:57:25.464147
L88qEAAAQBAJ,SHERLOCK HOLMES - THE VALLEY OF FEAR,ARTHUR CONAN DOYLE,"SHERLOCK HOLMES – THE VALLEY OF FEAR, is the 4th and final novel written by Arthur Conan Doyle. This book is complete, unabridged and was originally published in 1915. This is one of Doyle’s most outstanding and well-known works of the adventures of the most famous crime-solving duo - Sherlock Holmes and John Watson This book is properly formatted for aesthetics and ease of reading. This book is great for teachers and students or for the casual reader. This book is the perfect addition to any classic literary library. At Pure Snow Publishing we have taken the time and care into formatting this book to make it the best possible reading experience. Key features of this book: - A biographical outline of the author - A custom list of related collections and novels written by the author (listed in order of initial publication) - Easy-to-read font size: 12 pt. - Indented first lines, 1.25 Line Spacing and Justified Paragraphs - Custom Table of Contents and Design elements for each chapter - The Copyright page has been placed at the end of the book, as to not impede the content and flow of the book. We have made this book available in 3 reading formats: Original Paperback, Large Print Paperback and Ebook. Enjoy!",Fiction,Fiction,PURE SNOW PUBLISHING,,214,NOT_MATURE,,,en,subject:Fiction,2025-07-03T22:57:25.464158
v7VPEQAAQBAJ,The Street of Crocodiles,Bruno Schulz,"''The Street of Crocodiles'' by Bruno Schulz (1892-1942) was first published in Polish in 1934; this English translation was first published in the US by Walker and Company in 1963, public domain. A novel that blends the real and the fantastic, from ""one of the most original imaginations in modern Europe"" (Cynthia Ozick). The Street of Crocodiles in the Polish city of Drogobych is a street of memories and dreams where recollections of Bruno Schulz's uncommon boyhood and of the eerie side of his merchant family's life are evoked in a startling blend of the real and the fantastic. Most memorable - and most chilling - is the portrait of the author's father, a maddened shopkeeper who imports rare birds' eggs to hatch in his attic, who believes tailors' dummies should be treated like people, and whose obsessive fear of cockroaches causes him to resemble one. Bruno Schulz, a Polish Jew killed by the Nazis in 1942, is considered by many to have been the leading Polish writer between the two world wars.",Fiction,Fiction,Rare Treasure Editions,2025-03-19T00:00:00Z,136,NOT_MATURE,808783027X,9788087830277,en,subject:Fiction,2025-07-03T22:57:25.464169
3oSqDwAAQBAJ,Oliver Twist,Charles Dickens,"JAICO ILLUSTARTED CLASSICS SERIES is a collection of beloved children’s classics read by generations all over the world. Rich with adventures and thrills, these immortal stories with vivid illustrations are designed to delight young readers. IN A RAMSHACKLE workhouse of a parish in England, a baby boy was born to a woman who died in childbirth. The boy was named OLIVER TWIST. He spent a sad childhood in abject misery in various workhouses. At the age of twelve, he runs away to London where he is picked up by a notorious criminal, Fagin, a mastermind at house breaking, pickpocketing and petty thievery. He teaches Oliver all these evil deeds. But a kind-hearted gentleman robbed by Fagin sympathizes with the plight of Oliver and helps him to find a family, his inheritance and above all Oliver’s true identity. CHARLES DICKENS was born in a little house in Landport, Portsea, England. The second of eight children, he grew up in a family frequently beset by financial insecurity. When the family fortunes improved, Dickens went back to school, after which he became an office boy, a freelance reporter, and finally an author.",Fiction,Fiction,Jaico Publishing House,2019-01-01,220,NOT_MATURE,9388423038,9789388423038,en,subject:Fiction,2025-07-03T22:57:25.464179
icKmd-tlvPMC,Journey to the Center of the Earth,Jules Verne,"The intrepid Professor Lindenbrock embarks upon the strangest expedition of the nineteenth century: a journey down an extinct Icelandic volcano to the Earth’s very core. In his quest to penetrate the planet’s primordial secrets, the geologist—together with his quaking nephew Axel and their devoted guide, Hans—discovers an astonishing subterranean menagerie of prehistoric proportions. Verne’s imaginative tale is at once the ultimate science fiction adventure and a reflection on the perfectibility of human understanding and the psychology of the questor. As David Brin notes in his Introduction, though Verne never knew the term “science fiction,” Journey to the Centre of the Earth is “inarguably one of the wellsprings from which it all began.”",Fiction,Fiction,Bantam,2006-04-25,242,NOT_MATURE,0553902547,9780553902549,en,subject:Fiction,2025-07-03T22:57:25.464189
a98mCwAAQBAJ,Jacob's Room,Virgina Woolf,"A Nonconformist Novel with No Central Character “Either we are men, or we are women. Either we are cold, or we are sentimental. Either we are young, or growing old. In any case life is but a procession of shadows, and God knows why it is that we embrace them so eagerly, and see them depart with such anguish, being shadows.” - Virginia Woolf, Jacob's Room Jacob’s Room is not your typical Victorian English novel. The fact that there is no real protagonist stands out the most. Jacob is not actually a character, only a collection of memories, feelings and sensations. His life is like a room seen through the eyes of other people. This Xist Classics edition has been professionally formatted for e-readers with a linked table of contents. This eBook also contains a bonus book club leadership guide and discussion questions. We hope you’ll share this book with your friends, neighbors and colleagues and can’t wait to hear what you have to say about it.",Fiction,Fiction,Xist Publishing,2015-08-07,183,NOT_MATURE,1681951606,9781681951607,en,subject:Fiction,2025-07-03T22:57:25.464200
KVGd-NabpW0C,The Plague,Albert Camus,"“Its relevance lashes you across the face.” —Stephen Metcalf, The Los Angeles Times • “A redemptive book, one that wills the reader to believe, even in a time of despair.” —Roger Lowenstein, The Washington Post A haunting tale of human resilience and hope in the face of unrelieved horror, Albert Camus' iconic novel about an epidemic ravaging the people of a North African coastal town is a classic of twentieth-century literature. The townspeople of Oran are in the grip of a deadly plague, which condemns its victims to a swift and horrifying death. Fear, isolation and claustrophobia follow as they are forced into quarantine. Each person responds in their own way to the lethal disease: some resign themselves to fate, some seek blame, and a few, like Dr. Rieux, resist the terror. An immediate triumph when it was published in 1947, The Plague is in part an allegory of France's suffering under the Nazi occupation, and a timeless story of bravery and determination against the precariousness of human existence.",Fiction,Fiction,Vintage,1991-05-07,322,NOT_MATURE,0679720219,9780679720218,en,subject:Fiction,2025-07-03T22:57:25.464211
xZNVDAaxrGIC,The Boleyn Inheritance,Philippa Gregory,"THREE WOMEN WHO SHARE ONE FATE: THE BOLEYN INHERITANCE ANNE OF CLEVES She runs from her tiny country, her hateful mother, and her abusive brother to a throne whose last three occupants are dead. King Henry VIII, her new husband, instantly dislikes her. Without friends, family, or even an understanding of the language being spoken around her, she must literally save her neck in a court ruled by a deadly game of politics and the terror of an unpredictable and vengeful king. Her Boleyn Inheritance: accusations and false witnesses. KATHERINE HOWARD She catches the king's eye within moments of arriving at court, setting in motion the dreadful machine of politics, intrigue, and treason that she does not understand. She only knows that she is beautiful, that men desire her, that she is young and in love -- but not with the diseased old man who made her queen, beds her night after night, and killed her cousin Anne. Her Boleyn Inheritance: the threat of the axe. JANE ROCHFORD She is the Boleyn girl whose testimony sent her husband and sister-in-law to their deaths. She is the trusted friend of two threatened queens, the perfectly loyal spy for her uncle, the Duke of Norfolk, and a canny survivor in the murderous court of a most dangerous king. Throughout Europe, her name is a byword for malice, jealousy, and twisted lust. Her Boleyn Inheritance: a fortune and a title, in exchange for her soul. The Boleyn Inheritance is a novel drawn tight as a lute string about a court ruled by the gallows and three women whose positions brought them wealth, admiration, and power as well as deceit, betrayal, and terror. Once again, Philippa Gregory has brought a vanished world to life -- the whisper of a silk skirt on a stone stair, the yellow glow of candlelight illuminating a hastily written note, the murmurs of the crowd gathering on Tower Green below the newly built scaffold. In The Boleyn Inheritance Gregory is at her intelligent and page-turning best.",Fiction,Fiction,Simon and Schuster,2008-12-30,596,NOT_MATURE,1439124671,9781439124673,en,subject:Fiction,2025-07-03T22:57:25.464221
Wc9f0QEACAAJ,Max Havelaar,Multatuli Multatuli,"Max Havelaar is a powerful critique of colonialism and social injustices, set against the backdrop of the Dutch colonial exploitation of the Javanese people. The narrative follows a coffee broker in Amsterdam, who offers a no-nonsense perspective on his profession, dismissing idealized notions of romance and poetry in favor of what he believes is practical and truthful business. As the story unfolds, the broker reflects on the moral corruption inherent in the coffee trade and begins to address the darker realities of colonial oppression. The novel explores the exploitation of indigenous labor, with a focus on the Javanese people s suffering under Dutch rule. It exposes the social and economic structures that perpetuate injustice, highlighting the personal and societal consequences of such systems. The novel offers a poignant examination of moral decay, weaving personal reflections with a broader critique of imperialism, corruption, and exploitation. Through its narrative, it challenges the reader to confront the uncomfortable truths about colonialism and the human cost of profit-driven industries.",Fiction,Fiction,Double 9 Books,2025-03,0,NOT_MATURE,9370811826,9789370811829,en,subject:Fiction,2025-07-03T22:57:25.464235
fP33EAAAQBAJ,THE Murder Of Roger Ackroyd,AGATHA CHRISTIE,"Considered to be one of Agatha Christie's greatest, and also most controversial mysteries, 'The Murder Of Roger Ackroyd' breaks the rules of traditional mystery. The peaceful English village of King’s Abbot is stunned. The widow Ferrars dies from an overdose of Veronal. Not twenty-four hours later, Roger Ackroyd—the man she had planned to marry—is murdered. It is a baffling case involving blackmail and death that taxes Hercule Poirot’s “little grey cells” before he reaches one of the most startling conclusions of his career. Librarian's note: the first fifteen novels in the Hercule Poirot series are 1) The Mysterious Affair at Styles, 1920; 2) The Murder on the Links, 1923; 3) The Murder of Roger Ackroyd, 1926; 4) The Big Four, 1927; 5) The Mystery of the Blue Train, 1928; 6) Peril at End House, 1932; 7) Lord Edgware Dies, 1933; 8) Murder on the Orient Express, 1934; 9) Three Act Tragedy, 1935; 10) Death in the Clouds, 1935; 11) The A.B.C. Murders, 1936; 12) Murder in Mesopotamia, 1936; 13) Cards on the Table, 1936; 14) Dumb Witness, 1937; and 15) Death on the Nile, 1937. These are just the novels; Poirot also appears in this period in a play, Black Coffee, 1930, and two collections of short stories, Poirot Investigates, 1924, and Murder in the Mews, 1937. Each novel, play and short story has its own entry on Goodreads.",Fiction,Fiction,ببلومانيا للنشر والتوزيع,2024-02-29,314,NOT_MATURE,,,en,subject:Fiction,2025-07-03T22:57:25.464245
MZyXEAAAQBAJ,Mohini Theevu,Kalki,Conversations turns into story telling of one’s lifetime experience of visiting a Island somewhere below the Sri Lanka. A Writer who forced to take a trip to India from Burma aka Myanmar due to outbreak of war. Unfortunately or fortunately he get to travel in a old crowded ship.Due to Fear of bombers captain of the ship takes them to near by island. Beauty of the island invites everyone to it but few along with captain travels to the island. Where captain explains his earlier visit to island and take them back to ship. But writer wish to spend some more time before the ship continues its voyage so he hide himself behind the trees. Captain and passengers takes the row boat and ride back to the ship. They realise they left someone behind but due to sunset they decide to stay back in ship till dawn. Writer revisit the spot he enjoyed few moments back and experience something strange events. How those strange events impact him? Did he able to return back to ship? What story is awaiting for the writer to tell his friends is all about the story.,Fiction,Fiction,Giri Trading Agency Private Limited,2022-10-26,92,NOT_MATURE,817950848X,9788179508480,ta,subject:Fiction,2025-07-03T22:57:25.464255
J4-MEAAAQBAJ,The Black Arrow,Robert Louis Stevenson,"From the beloved author of Treasure Island Originally serialized in a periodical of boys' adventure fiction, The Black Arrow is a swashbuckling portrait of a young man's journey to discover the heroism within himself. Young Dick Shelton, caught in the midst of England's War of the Roses, finds his loyalties torn between the guardian who will ultimately betray him and the leader of a secret fellowship, The Black Arrow. As Shelton is drawn deeper into this conspiracy, he must distinguish friend from foe and confront war, shipwreck, revenge, murder, and forbidden love, as England's crown threatens to topple around him. For more than seventy years, Penguin has been the leading publisher of classic literature in the English-speaking world. With more than 1,700 titles, Penguin Classics represents a global bookshelf of the best works throughout history and across genres and disciplines. Readers trust the series to provide authoritative texts enhanced by introductions and notes by distinguished scholars and contemporary authors, as well as up-to-date translations by award-winning translators.",Fiction,Fiction,National Geographic Books,2007-12-18,0,NOT_MATURE,0141441399,9780141441399,en,subject:Fiction,2025-07-03T22:57:25.464265
xwSWzQEACAAJ,The Picture of Dorian Gray Illustrated,Oscar Wilde,"The Picture of Dorian Gray is a Gothic and philosophical novel by Oscar Wilde, first published complete in the July 1890 issue of Lippincott's Monthly Magazine.Fearing the story was indecent, the magazine's editor deleted roughly five hundred words before publication without Wilde's knowledge. Despite that censorship, The Picture of Dorian Gray offended the moral sensibilities of British book reviewers, some of whom said that Oscar Wilde merited prosecution for violating the laws guarding public morality. In response, Wilde aggressively defended his novel and art in correspondence with the British press, although he personally made excisions of some of the most controversial material when revising and lengthening the story for book publication the following year.",,General,Unknown,2020-06-18,272,NOT_MATURE,,9798655176461,en,subject:Fiction,2025-07-03T22:57:25.464276
1K_CDwAAQBAJ,The Tell-Tale Heart,Edgar Allan Poe,"This engaging summary presents an analysis of The Tell-Tale Heart by Edgar Allan Poe, one of the author’s best-known short stories. It is told from the point of view of an unnamed narrator who is at great pains to convince the reader of their lucidity; however, this only serves to accentuate their frightening descent into madness. The narrator lives with an elderly man whose “vulture eye” becomes an obsession for him, with terrible consequences. Edgar Allan Poe was an American short story writer, poet, critic, novelist and editor. He is best known for his stories of mystery and horror, which stand out for their chilling atmosphere and vivid, memorable characters. Find out everything you need to know about The Tell-Tale Heart in a fraction of the time! Edgar Allan Poe is also famous for such works as ''The Raven'', ""The Cask of Amontillado"", ""The Fall of the House of Usher"", ""The Masque of the Red Death"", ""The Pit and the Pendulum"", ""The Murders in the Rue Morgue"", ""The Tell-Tale Heart"", ""The Gold-Bug"", ""The Black Cat"", ""The Facts in the Case of M. Valdemar"", ""Hop-Frog"" and many more.",Fiction,Fiction,Strelbytskyy Multimedia Publishing,2020-08-01,11,NOT_MATURE,,,en,subject:Fiction,2025-07-03T22:57:25.464285
Wx3M_7XNTysC,The Return of the Soldier,Rebecca West,"Writing her first novel during World War I, West examines the relationship between three women and a soldier suffering from shell-shock. This novel of an enclosed world invaded by public events also embodies in its characters the shifts in England's class structures at the beginning of the twentieth century. For more than seventy years, Penguin has been the leading publisher of classic literature in the English-speaking world. With more than 1,700 titles, Penguin Classics represents a global bookshelf of the best works throughout history and across genres and disciplines. Readers trust the series to provide authoritative texts enhanced by introductions and notes by distinguished scholars and contemporary authors, as well as up-to-date translations by award-winning translators.",Fiction,Fiction,Penguin,1998-06-01,116,NOT_MATURE,014118065X,9780141180656,en,subject:Fiction,2025-07-03T22:57:25.464295
JSOvEAAAQBAJ,Little Black Sambo,Helen Bannerman,"The Story of Little Black Sambo is a children's book written and illustrated by Scottish author Helen Bannerman, and first published by Grant Richards in October 1899 as one in a series of small-format books called The Dumpy Books for Children. The story was a children's favorite for more than half a century but would become a victim of allegations of racism in the mid-20th century. Critics of the time observed that Bannerman presents one of the first black heroes in children's literature and regarded the book as positively portraying black characters in both the text and pictures, especially in comparison to the more negative books of that era that depicted blacks as simple and uncivilized. Both text and illustrations have undergone considerable revision since.",Fiction,Fiction,anboco,2016-08-11,25,NOT_MATURE,3736409303,9783736409309,en,subject:Fiction,2025-07-03T22:57:25.464305
QwVWCgAAQBAJ,1601 Conversation as it was by the Social Fireside in the Time of the Tudors,Mark Twain,"1601 was written during the summer of 1876 when the Clemens family had retreated to Quarry Farm in Elmira County, New York. Here Mrs. Clemens enjoyed relief from social obligations, the children romped over the countryside, and Mark retired to his octagonal study, which, perched high on the hill, looked out upon the valley below. It was in the famous summer of 1876, too, that Mark was putting the finishing touches to Tom Sawyer. Before the close of the same year he had already begun work on ‘The Adventures of Huckleberry Finn’, published in 1885. It is interesting to note the use of the title, the “Duke of Bilgewater,” in Huck Finn when the “Duchess of Bilgewater” had already made her appearance in 1601. Sandwiched between his two great masterpieces, Tom Sawyer and Huck Finn, the writing of 1601 was indeed a strange interlude. During this prolific period Mark wrote many minor items, most of them rejected by Howells, and read extensively in one of his favorite books, Pepys’ Diary. Like many another writer Mark was captivated by Pepys’ style and spirit, and “he determined,” says Albert Bigelow Paine in his ‘Mark Twain, A Biography’, “to try his hand on an imaginary record of conversation and court manners of a bygone day, written in the phrase of the period. The result was ‘Fireside Conversation in the Time of Queen Elizabeth’, or as he later called it, ‘1601’. The ‘conversation’ recorded by a supposed Pepys of that period, was written with all the outspoken coarseness and nakedness of that rank day, when fireside sociabilities were limited only to the loosened fancy, vocabulary, and physical performance, and not by any bounds of convention.”",Fiction,Fiction,Library of Alexandria,1900-01-01,50,NOT_MATURE,,,en,subject:Fiction,2025-07-03T22:57:25.464315
TwVqzgEACAAJ,Pride and Prejudice Annotated,Jane Austen,"Along with the plays of William Shakespeare and the works of Charles Dickens, Jane Austen's novels are among the most beloved books of Western literature. Pride and Prejudice (1813) was in Austen's lifetime her most popular novel, and it was the author's personal favorite. Adapted many times to the screen and stage, and the inspiration for numerous imitations, it remains today her most widely read book. Now, in this beautifully illustrated and annotated edition, distinguished scholar Patricia Meyer Spacks instructs the reader in a larger appreciation of the novel's enduring pleasures and provides analysis of Darcy, Elizabeth Bennet, Lady Catherine, and all the characters who inhabit the world of Pride and Prejudice.",,General,Independently Published,2021-04-30,464,NOT_MATURE,,9798746815156,en,subject:Fiction,2025-07-03T22:57:25.464324
8T9_cxH7z6sC,The Trial,Franz Kafka,"The story of the mysterious indictment, trial, and reckoning forced upon Joseph K—one of the twentieth century’s master parables from one of the greatest writers of the twentieth century, the author of The Metamorphosis. Translated by Willa and Edwin Muir The Trial reflects the central spiritual crises of modern life. Kafka’s method—one that has influenced, in some way, almost every writer of substance who followed him—was to render the absurd and the terrifying convincing by a scrupulous, hyperreal matter-of-factness of tone and treatment. He thereby imparted to his work a level of seriousness normally associated with civilization’s most cherished poems and religious texts. Everyman's Library pursues the highest production standards, printing on acid-free cream-colored paper, with full-cloth cases with two-color foil stamping, decorative endpapers, silk ribbon markers, European-style half-round spines, and a full-color illustrated jacket. Contemporary Classics include an introduction, a select bibliography, and a chronology of the author's life and times.",Fiction,Fiction,Everyman's Library,1992-06-30,345,NOT_MATURE,0679409947,9780679409946,en,subject:Fiction,2025-07-03T22:57:25.464334
3nqhDwAAQBAJ,Wundersmith,Jessica Townsend,"A #3 New York Times bestseller A #4 Nielsen BookScan Australia Bestseller A Sunday Times Children’s Book of the Year—8-12 category An Irish Independent Best Children’s Book of 2018 A Bookseller Editor’s Choice A Dymocks’ (Australia) Children’s Book of the Month Longlisted for the Australian Indie Book Award for Best Children’s Book 2019 A Barnes & Noble Best New Middle-Grade Book The Librarians’ Choice Favourite November 2018 An Amazon Editor’s Pick for Top 20 Best Children’s Books of 2018 An Apple Books Next Big 30 Read Saudara-saudari sehidup semati? Saling setia, siap bahu-membahu? Morrigan mulai merasa ikrar Wundrous Society itu hanya omong kosong. Tidak ada yang menyukainya di sekolah—yah, kecuali Hawthorne, sahabatnya. Unit mereka terus dikirimi surat kaleng berisi ancaman untuk menguak rahasia Morrigan dan gurunya di Society hanya mengajarkan satu hal: semua Wundersmith itu jahat dan Morrigan bukanlah pengecualian. Yang terburuk, satu per satu orang mulai menghilang dan teror mulai bermunculan. Nevermoor, kota fantastis yang magis dan menawarkan perlindungan, kini dilingkupi ketakutan dan kecurigaan …. Dan, besar kemungkinan, Morrigan penyebabnya. Telah diterbitkan di 32 negara. Setelah menerbitkan seri Nevermoor, Jessica Townsend dianggap sebagai J.K. Rowling-nya Australia. Buku pertama seri Nevermoor akan segera difilmkan oleh Twentieth Century Fox. [Mizan, Noura Books, Fantasi, Terjemahan, Novel, Indonesia]",Fiction,Fiction,Noura Books,2019-02-20,390,NOT_MATURE,6023857434,9786023857432,id,subject:Fiction,2025-07-03T22:57:25.464344
5ntnDwAAQBAJ,The Scarred Woman,Jussi Adler-Olsen,"The New York Times and #1 internationally bestselling author of The Keeper of Lost Causes delivers his most captivating and suspenseful Department Q novel yet—perfect for fans of Stieg Larsson. Detective Carl Mørck of Department Q, Copenhagen's cold cases division, meets his toughest challenge yet when the dark, troubled past of one of his own team members collides with a sinister unsolved murder. In a Copenhagen park the body of an elderly woman is discovered. The case bears a striking resemblance to another unsolved homicide investigation from over a decade ago, but the connection between the two victims confounds the police. Across town a group of young women are being hunted. The attacks seem random, but could these brutal acts of violence be related? Detective Carl Mørck of Department Q is charged with solving the mystery. Back at headquarters, Carl and his team are under pressure to deliver results: failure to meet his superiors’ expectations will mean the end of Department Q. Solving the case, however, is not their only concern. After an earlier breakdown, their colleague Rose is still struggling to deal with the reemergence of her past—a past in which a terrible crime may have been committed. It is up to Carl, Assad, and Gordon to uncover the dark and violent truth at the heart of Rose’s childhood before it is too late.",Fiction,Fiction,Penguin,2018-09-04,481,NOT_MATURE,1101984236,9781101984239,en,subject:Fiction,2025-07-03T22:57:25.464354
A2Ni0AEACAAJ,Father Goriot,Honoré de Balzac,"Le Père Goriot (""Old Goriot"" or ""Father Goriot"") is an 1835 novel by French novelist and playwright Honoré de Balzac (1799-1850), included in the Scènes de la vie privée section of his novel sequence La Comédie humaine. Set in Paris in 1819, it follows the intertwined lives of three characters: the elderly doting Goriot, a mysterious criminal-in-hiding named Vautrin and a naive law student named Eugène de Rastignac. Originally published in serial form during the winter of 1834-1835, Le Père Goriot is widely considered Balzac's most important novel. It marks the first serious use by the author of characters who had appeared in other books, a technique that distinguishes Balzac's fiction. The novel is also noted as an example of his realist style, using minute details to create character and subtext. The novel takes place during the Bourbon Restoration, which brought profound changes to French society; the struggle by individuals to secure a higher social status is a major theme in the book. The city of Paris also impresses itself on the characters - especially young Rastignac, who grew up in the provinces of southern France. Balzac analyzes, through Goriot and others, the nature of family and marriage, providing a pessimistic view of these institutions. The novel was released to mixed reviews. Some critics praised the author for his complex characters and attention to detail; others condemned him for his many depictions of corruption and greed. A favorite of Balzac's, the book quickly won widespread popularity and has often been adapted for film and the stage. It gave rise to the French expression ""Rastignac"", a social climber willing to use any means to better his situation. (wikipedia.org) About the author: Honoré de Balzac born Honoré Balzac; (20 May 1799 - 18 August 1850) was a French novelist and playwright. The novel sequence La Comédie humaine, which presents a panorama of post-Napoleonic French life, is generally viewed as his magnum opus. Owing to his keen observation of detail and unfiltered representation of society, Balzac is regarded as one of the founders of realism in European literature. He is renowned for his multi-faceted characters; even his lesser characters are complex, morally ambiguous and fully human. Inanimate objects are imbued with character as well; the city of Paris, a backdrop for much of his writing, takes on many human qualities. His writing influenced many famous writers, including the novelists Émile Zola, Charles Dickens, Marcel Proust, Gustave Flaubert, and Henry James, and filmmakers François Truffaut and Jacques Rivette. Many of Balzac's works have been made into films and continue to inspire other writers. James called him ""really the father of us all."" An enthusiastic reader and independent thinker as a child, Balzac had trouble adapting to the teaching style of his grammar school. His willful nature caused trouble throughout his life and frustrated his ambitions to succeed in the world of business. When he finished school, Balzac was apprenticed in a law office, but he turned his back on the study of law after wearying of its inhumanity and banal routine. Before and during his career as a writer, he attempted to be a publisher, printer, businessman, critic, and politician; he failed in all of these efforts. La Comédie Humaine reflects his real-life difficulties, and includes scenes from his own experience. Balzac suffered from health problems throughout his life, possibly owing to his intense writing schedule. His relationship with his family was often strained by financial and personal drama, and he lost more than one friend over critical reviews. In 1850, Balzac married Ewelina Hańska (née Contessa Rzewuska), a Polish aristocrat and his longtime love. He died in Paris six months later. (wikipedia.org)",,General,Unknown,2024-01-05,0,NOT_MATURE,,9798889423812,en,subject:Fiction,2025-07-03T22:57:25.464364
